"lake","area","location","state"
"Aaron River Reservoir","550372.0","Cohasset, Massachusetts","Massachusetts"
"Abner Pond","40468.6","Plymouth, Massachusetts","Plymouth County, Massachusetts"
"Abner Pond","40468.6","Plymouth, Massachusetts","Massachusetts"
"Accord Pond","404686.0","Norwell, Massachusetts","Plymouth County, Massachusetts"
"Accord Pond","404686.0","Rockland, Massachusetts","Plymouth County, Massachusetts"
"Accord Pond","404686.0","Hingham, Massachusetts","Plymouth County, Massachusetts"
"Accord Pond","404686.0","Norwell, Massachusetts","Massachusetts"
"Accord Pond","404686.0","Rockland, Massachusetts","Massachusetts"
"Accord Pond","404686.0","Hingham, Massachusetts","Massachusetts"
"Almaden Reservoir","250905.0","Santa Clara County, California","California"
"Alpine Lake (Marin County, California)","906496.0","Marin County, California","California"
"Antonelli Pond","25899.9","Santa Cruz, California","California"
"Arnold School Pond","48562.3","Pembroke, Massachusetts","Plymouth County, Massachusetts"
"Arnold School Pond","48562.3","Pembroke, Massachusetts","Massachusetts"
"Assawompset Pond","9.72864e+06","Lakeville, Massachusetts","Plymouth County, Massachusetts"
"Assawompset Pond","9.72864e+06","Middleborough, Massachusetts","Plymouth County, Massachusetts"
"Assawompset Pond","9.72864e+06","Lakeville, Massachusetts","Massachusetts"
"Assawompset Pond","9.72864e+06","Middleborough, Massachusetts","Massachusetts"
"Banana Lake","1.08456e+06","Lakeland, Florida","Florida"
"Barrett Pond (Carver, Massachusetts)","64749.7","Carver, Massachusetts","Plymouth County, Massachusetts"
"Barrett Pond (Carver, Massachusetts)","64749.7","Carver, Massachusetts","Massachusetts"
"Bartlett Pond (Plymouth, Massachusetts)","133546.0","Plymouth, Massachusetts","Plymouth County, Massachusetts"
"Bartlett Pond (Plymouth, Massachusetts)","133546.0","Plymouth, Massachusetts","Massachusetts"
"Basket Lake","249286.0","Sebring, Florida","Florida"
"Bass Lake (Madera County, California)","4.72e+06","Madera County, California","California"
"Bass Lake (Marin County, California)","30000.0","Marin County, California","California"
"Bates Pond (Carver, Massachusetts)","80937.1","Carver, Massachusetts","Plymouth County, Massachusetts"
"Bates Pond (Carver, Massachusetts)","80937.1","Carver, Massachusetts","Massachusetts"
"Beaver Dam Pond (Plymouth, Massachusetts)","121406.0","Plymouth, Massachusetts","Plymouth County, Massachusetts"
"Beaver Dam Pond (Plymouth, Massachusetts)","121406.0","Plymouth, Massachusetts","Massachusetts"
"Belvedere Lagoon","267093.0","Marin County, California","California"
"Bethany Reservoir","728434.0","Alameda County, California","California"
"Big Lagoon (California)","5.94888e+06","Humboldt County, California","California"
"Big Pond (Massachusetts)","1.33546e+06","Otis, Massachusetts","Massachusetts"
"Big Rocky Pond","80937.1","Plymouth, Massachusetts","Plymouth County, Massachusetts"
"Big Rocky Pond","80937.1","Plymouth, Massachusetts","Massachusetts"
"Big Sage Reservoir","2.13269e+07","Modoc County, California","California"
"Big Sandy Pond","542279.0","Plymouth, Massachusetts","Plymouth County, Massachusetts"
"Big Sandy Pond","542279.0","Plymouth, Massachusetts","Massachusetts"
"Billington Sea","1.0886e+06","Plymouth, Massachusetts","Plymouth County, Massachusetts"
"Billington Sea","1.0886e+06","Plymouth, Massachusetts","Massachusetts"
"Black Butte Lake","1.8049e+07","Glenn County, California","California"
"Black Butte Lake","1.8049e+07","Tehama County, California","California"
"Black Jimmy Pond","44515.4","Plymouth, Massachusetts","Plymouth County, Massachusetts"
"Black Jimmy Pond","44515.4","Plymouth, Massachusetts","Massachusetts"
"Blackmore Pond","186155.0","Wareham, Massachusetts","Plymouth County, Massachusetts"
"Blackmore Pond","186155.0","Wareham, Massachusetts","Massachusetts"
"Bloody Pond (Massachusetts)","396592.0","Plymouth, Massachusetts","Plymouth County, Massachusetts"
"Bloody Pond (Massachusetts)","396592.0","Plymouth, Massachusetts","Massachusetts"
"Blue Cypress Lake","2.63046e+07","Fellsmere, Florida","Florida"
"Blue Lake (Sebring, Florida)","136622.0","Sebring, Florida","Florida"
"Boca Reservoir","4e+06","Nevada County, California","California"
"Bonny Lake (Florida)","1.00767e+06","Lakeland, Florida","Florida"
"Boot Pond (Plymouth, Massachusetts)","307561.0","Plymouth, Massachusetts","Plymouth County, Massachusetts"
"Boot Pond (Plymouth, Massachusetts)","307561.0","Plymouth, Massachusetts","Massachusetts"
"Bouquet Reservoir","2.54143e+06","Los Angeles County, California","California"
"Bridgeport Reservoir","1.26464e+07","Mono County, California","California"
"Briggs Reservoir (Manomet, Massachusetts)","113312.0","Plymouth, Massachusetts","Plymouth County, Massachusetts"
"Briggs Reservoir (Manomet, Massachusetts)","113312.0","Plymouth, Massachusetts","Massachusetts"
"Briggs Reservoir (Plymouth, Massachusetts)","68796.6","Plymouth, Massachusetts","Plymouth County, Massachusetts"
"Briggs Reservoir (Plymouth, Massachusetts)","68796.6","Plymouth, Massachusetts","Massachusetts"
"Brock Reservoir","1.96273e+06","Gordons Well, California","California"
"Brock Reservoir","1.96273e+06","Imperial County, California","California"
"Browning Pond","360170.0","Oakham, Massachusetts","Massachusetts"
"Browning Pond","360170.0","Spencer, Massachusetts","Massachusetts"
"Bucks Lake","7.39361e+06","Plumas County, California","California"
"Buena Vista Lake","6e+07","Kern County, California","California"
"Buena Vista Lake","6e+07","San Joaquin Valley","California"
"Buffumville Lake","809371.0","Charlton, Massachusetts","Massachusetts"
"Calero Reservoir","1.36379e+06","Santa Clara County, California","California"
"Camanche Reservoir","3.11608e+07","San Joaquin County, California","California"
"Camanche Reservoir","3.11608e+07","Amador County, California","California"
"Camanche Reservoir","3.11608e+07","Calaveras County, California","California"
"Canyon Lake (California)","2.1246e+06","Riverside County, California","California"
"Castac Lake","1.61874e+06","Lebec, California","California"
"Castac Lake","1.61874e+06","Kern County, California","California"
"Castle Lake (California)","190202.0","Siskiyou County, California","California"
"Cedar Lake (California)","12140.6","San Bernardino County, California","California"
"Charge Pond","93077.7","Plymouth, Massachusetts","Plymouth County, Massachusetts"
"Charge Pond","93077.7","Plymouth, Massachusetts","Massachusetts"
"Cherry Lake","6.21192e+06","Tuolumne County, California","California"
"Christina Lake (Florida)","109225.0","Lakeland Highlands, Florida","Florida"
"Clear Lake (California)","1.76119e+08","Lake County, California","California"
"Clear Lake (Orlando, Florida)","1.44473e+06","Orlando, Florida","Florida"
"Clear Lake Reservoir","1.04247e+08","Modoc County, California","California"
"Clifton Court Forebay","1.01171e+07","Contra Costa County, California","California"
"College Pond","214483.0","Plymouth, Massachusetts","Plymouth County, Massachusetts"
"College Pond","214483.0","Plymouth, Massachusetts","Massachusetts"
"Collins Lake","3.55e+06","Yuba County, California","California"
"Cooks Pond (Plymouth, Massachusetts)","93077.7","Plymouth, Massachusetts","Plymouth County, Massachusetts"
"Cooks Pond (Plymouth, Massachusetts)","93077.7","Plymouth, Massachusetts","Massachusetts"
"Copco Lake","4.04686e+06","Siskiyou County, California","California"
"Coyote Lake (Santa Clara County, California)","2.56975e+06","Santa Clara County, California","California"
"Crossman Pond","60702.8","Kingston, Massachusetts","Plymouth County, Massachusetts"
"Crossman Pond","60702.8","Kingston, Massachusetts","Massachusetts"
"Crowley Lake","2.14483e+07","Mono County, California","California"
"Crystal Lake (Lakeland, Florida)","111612.0","Lakeland, Florida","Florida"
"Crystal Lake (Newton, Massachusetts)","133546.0","Newton, Massachusetts","Massachusetts"
"Crystal Lake (south Winter Haven, Florida)","145404.0","Winter Haven, Florida","Florida"
"Crystal Springs Reservoir","5.35399e+06","San Mateo County, California","California"
"Curlew Pond","174015.0","Plymouth, Massachusetts","Plymouth County, Massachusetts"
"Curlew Pond","174015.0","Plymouth, Massachusetts","Massachusetts"
"Deer Pond (Plymouth, Massachusetts)","44515.4","Plymouth, Massachusetts","Plymouth County, Massachusetts"
"Deer Pond (Plymouth, Massachusetts)","44515.4","Plymouth, Massachusetts","Massachusetts"
"Diamond Valley Lake","1.82109e+07","Riverside County, California","California"
"Dinner Lake","1.69968e+06","Sebring, Florida","Florida"
"Dodge Reservoir","1.98701e+06","Ravendale, California","California"
"Dodge Reservoir","1.98701e+06","Lassen County, California","California"
"Don Pedro Reservoir","5.26091e+07","Tuolumne County, California","California"
"Donner Lake","1.31e+06","Nevada County, California","California"
"Dry Canyon Reservoir","4.45154e+06","Los Angeles County, California","California"
"Dug Pond","194249.0","Natick, Massachusetts","Massachusetts"
"Dunham Pond (Carver, Massachusetts)","182109.0","Carver, Massachusetts","Plymouth County, Massachusetts"
"Dunham Pond (Carver, Massachusetts)","182109.0","Carver, Massachusetts","Massachusetts"
"Eagle Lake (Florida)","2.61832e+06","Eagle Lake, Florida","Florida"
"Eagle Lake (Lassen County)","9.71246e+07","Lassen County, California","California"
"East Head Reservoir","372311.0","Carver, Massachusetts","Plymouth County, Massachusetts"
"East Head Reservoir","372311.0","Plymouth, Massachusetts","Plymouth County, Massachusetts"
"East Head Reservoir","372311.0","Carver, Massachusetts","Massachusetts"
"East Head Reservoir","372311.0","Plymouth, Massachusetts","Massachusetts"
"Eastman Lake","7.2034e+06","Madera County, California","California"
"Eastman Lake","7.2034e+06","Mariposa County, California","California"
"Edward Medard Park and Reservoir","3.11608e+06","Plant City, Florida","Florida"
"Elbow Pond (Plymouth, Massachusetts)","64749.7","Plymouth, Massachusetts","Plymouth County, Massachusetts"
"Elbow Pond (Plymouth, Massachusetts)","64749.7","Plymouth, Massachusetts","Massachusetts"
"Elderberry Forebay","1.82109e+06","Los Angeles County, California","California"
"Engineers Lake","49169.3","Haines City, Florida","Florida"
"Englebright Lake","3.29819e+06","Nevada County, California","California"
"Englebright Lake","3.29819e+06","Yuba County, California","California"
"Ezekiel Pond (Massachusetts)","145687.0","Plymouth, Massachusetts","Plymouth County, Massachusetts"
"Ezekiel Pond (Massachusetts)","145687.0","Plymouth, Massachusetts","Massachusetts"
"Fawn Pond (Massachusetts)","133546.0","Plymouth, Massachusetts","Plymouth County, Massachusetts"
"Fawn Pond (Massachusetts)","133546.0","Plymouth, Massachusetts","Massachusetts"
"Fearing Pond","97124.6","Plymouth, Massachusetts","Plymouth County, Massachusetts"
"Fearing Pond","97124.6","Plymouth, Massachusetts","Massachusetts"
"Federal Pond","522044.0","Carver, Massachusetts","Plymouth County, Massachusetts"
"Federal Pond","522044.0","Plymouth, Massachusetts","Plymouth County, Massachusetts"
"Federal Pond","522044.0","Carver, Massachusetts","Massachusetts"
"Federal Pond","522044.0","Plymouth, Massachusetts","Massachusetts"
"Five Mile Pond (Plymouth, Massachusetts)","117359.0","Plymouth, Massachusetts","Plymouth County, Massachusetts"
"Five Mile Pond (Plymouth, Massachusetts)","117359.0","Plymouth, Massachusetts","Massachusetts"
"Folsom Lake","4.63365e+07","Northern California","California"
"Forge Pond (Plymouth, Massachusetts)","56656.0","Plymouth, Massachusetts","Plymouth County, Massachusetts"
"Forge Pond (Plymouth, Massachusetts)","56656.0","Plymouth, Massachusetts","Massachusetts"
"Fountaingrove Lake","133546.0","Sonoma County, California","California"
"Frenchman Lake (California)","6.39403e+06","Plumas County, California","California"
"Fresh Meadow Pond","238765.0","Carver, Massachusetts","Plymouth County, Massachusetts"
"Fresh Meadow Pond","238765.0","Plymouth, Massachusetts","Plymouth County, Massachusetts"
"Fresh Meadow Pond","238765.0","Carver, Massachusetts","Massachusetts"
"Fresh Meadow Pond","238765.0","Plymouth, Massachusetts","Massachusetts"
"Fresh Pond (Cambridge, Massachusetts)","627263.0","Cambridge, Massachusetts","Massachusetts"
"Fresh Pond (Plymouth, Massachusetts)","250905.0","Plymouth, Massachusetts","Plymouth County, Massachusetts"
"Fresh Pond (Plymouth, Massachusetts)","250905.0","Plymouth, Massachusetts","Massachusetts"
"Fuller Street Pond","84984.0","Carver, Massachusetts","Plymouth County, Massachusetts"
"Fuller Street Pond","84984.0","Middleborough, Massachusetts","Plymouth County, Massachusetts"
"Fuller Street Pond","84984.0","Carver, Massachusetts","Massachusetts"
"Fuller Street Pond","84984.0","Middleborough, Massachusetts","Massachusetts"
"Furnace Pond (Pembroke, Massachusetts)","433014.0","Pembroke, Massachusetts","Plymouth County, Massachusetts"
"Furnace Pond (Pembroke, Massachusetts)","433014.0","Pembroke, Massachusetts","Massachusetts"
"Gallows Pond","174015.0","Plymouth, Massachusetts","Plymouth County, Massachusetts"
"Gallows Pond","174015.0","Plymouth, Massachusetts","Massachusetts"
"Glen Charlie Pond","748668.0","Wareham, Massachusetts","Plymouth County, Massachusetts"
"Glen Charlie Pond","748668.0","Wareham, Massachusetts","Massachusetts"
"Goose Lake (Oregon–California)","3.80728e+08","Modoc County, California","California"
"Grassy Lake (Florida)","2.14447e+06","Lake Placid, Florida","Florida"
"Great Herring Pond","1.52162e+06","Plymouth, Massachusetts","Plymouth County, Massachusetts"
"Great Herring Pond","1.52162e+06","Bourne, Massachusetts","Massachusetts"
"Great Herring Pond","1.52162e+06","Plymouth, Massachusetts","Massachusetts"
"Great Island Pond","311608.0","Plymouth, Massachusetts","Plymouth County, Massachusetts"
"Great Island Pond","311608.0","Plymouth, Massachusetts","Massachusetts"
"Great Quittacas Pond","4.79552e+06","Lakeville, Massachusetts","Plymouth County, Massachusetts"
"Great Quittacas Pond","4.79552e+06","Middleborough, Massachusetts","Plymouth County, Massachusetts"
"Great Quittacas Pond","4.79552e+06","Rochester, Massachusetts","Plymouth County, Massachusetts"
"Great Quittacas Pond","4.79552e+06","Middleborough, Massachusetts","Massachusetts"
"Great Quittacas Pond","4.79552e+06","Lakeville, Massachusetts","Massachusetts"
"Great Quittacas Pond","4.79552e+06","Rochester, Massachusetts","Massachusetts"
"Great Sandy Bottom Pond","441107.0","Pembroke, Massachusetts","Plymouth County, Massachusetts"
"Great Sandy Bottom Pond","441107.0","Pembroke, Massachusetts","Massachusetts"
"Great South Pond","1.18168e+06","Plymouth, Massachusetts","Plymouth County, Massachusetts"
"Great South Pond","1.18168e+06","Plymouth, Massachusetts","Massachusetts"
"Guadalupe Reservoir","299467.0","Santa Clara County, California","California"
"Gunners Exchange Pond","117359.0","Plymouth, Massachusetts","Plymouth County, Massachusetts"
"Gunners Exchange Pond","117359.0","Plymouth, Massachusetts","Massachusetts"
"Halfway Pond (Massachusetts)","938871.0","Plymouth, Massachusetts","Plymouth County, Massachusetts"
"Halfway Pond (Massachusetts)","938871.0","Plymouth, Massachusetts","Massachusetts"
"Hardy Pond","169968.0","Waltham, Massachusetts","Massachusetts"
"Harrobs Corner Bog Pond","64749.7","Plympton, Massachusetts","Plymouth County, Massachusetts"
"Harrobs Corner Bog Pond","64749.7","Plympton, Massachusetts","Massachusetts"
"Hedges Pond (Plymouth, Massachusetts)","105218.0","Plymouth, Massachusetts","Plymouth County, Massachusetts"
"Hedges Pond (Plymouth, Massachusetts)","105218.0","Plymouth, Massachusetts","Massachusetts"
"Hernandez Reservoir","2.38765e+06","San Benito County, California","California"
"Hocomonco Pond","109265.0","Westborough, Massachusetts","Massachusetts"
"Honey Lake","2.22739e+08","Lassen County, California","California"
"Horn Pond (Massachusetts)","412779.0","Woburn, Massachusetts","Massachusetts"
"Houghton's Pond","97124.6","Milton, Massachusetts","Massachusetts"
"Howard Lake (Mendocino County)","80937.1","Mendocino County, California","California"
"Hoyts Pond (Massachusetts)","64749.7","Plymouth, Massachusetts","Plymouth County, Massachusetts"
"Hoyts Pond (Massachusetts)","64749.7","Plymouth, Massachusetts","Massachusetts"
"Hume Lake","352077.0","Fresno County, California","California"
"Huntington Lake","5.83152e+06","Fresno County, California","California"
"Imperial Reservoir","2.8e+07","Imperial County, California","California"
"Indian Head Pond (Massachusetts)","489670.0","Hanson, Massachusetts","Plymouth County, Massachusetts"
"Indian Head Pond (Massachusetts)","489670.0","Hanson, Massachusetts","Massachusetts"
"Indian Pond (Kingston, Massachusetts)","267093.0","Plympton, Massachusetts","Plymouth County, Massachusetts"
"Indian Pond (Kingston, Massachusetts)","267093.0","Kingston, Massachusetts","Plymouth County, Massachusetts"
"Indian Pond (Kingston, Massachusetts)","267093.0","Plympton, Massachusetts","Massachusetts"
"Indian Pond (Kingston, Massachusetts)","267093.0","Kingston, Massachusetts","Massachusetts"
"Indian Tom Lake","2.02343e+06","Siskiyou County, California","California"
"Indian Valley Reservoir","1.61874e+07","Lake County, California","California"
"Irvine Lake","2.8328e+06","Orange County, California","California"
"Island Creek Pond","174015.0","Duxbury, Massachusetts","Plymouth County, Massachusetts"
"Island Creek Pond","174015.0","Duxbury, Massachusetts","Massachusetts"
"Island Pond (Cedarville, Massachusetts)","311608.0","Plymouth, Massachusetts","Plymouth County, Massachusetts"
"Island Pond (Cedarville, Massachusetts)","311608.0","Plymouth, Massachusetts","Massachusetts"
"Island Pond (Plymouth, Massachusetts)","48562.3","Plymouth, Massachusetts","Plymouth County, Massachusetts"
"Island Pond (Plymouth, Massachusetts)","48562.3","Plymouth, Massachusetts","Massachusetts"
"Ivanpah Lake","3.4e+07","San Bernardino County, California","California"
"Jacobs Pond (Norwell, Massachusetts)","238765.0","Norwell, Massachusetts","Plymouth County, Massachusetts"
"Jacobs Pond (Norwell, Massachusetts)","238765.0","Norwell, Massachusetts","Massachusetts"
"Keene Pond","52609.1","Duxbury, Massachusetts","Plymouth County, Massachusetts"
"Keene Pond","52609.1","Duxbury, Massachusetts","Massachusetts"
"Kelly Lake (Florida)","27397.2","Lakeland, Florida","Florida"
"Kent Lake","1.7442e+06","Marin County, California","California"
"Kings Pond (Plymouth, Massachusetts)","84984.0","Plymouth, Massachusetts","Plymouth County, Massachusetts"
"Kings Pond (Plymouth, Massachusetts)","84984.0","Plymouth, Massachusetts","Massachusetts"
"Laguna Niguel Lake","178062.0","Laguna Niguel, California","California"
"Lake Alpine","724387.0","Alpine County, California","California"
"Lake Amador","1.55804e+06","Amador County, California","California"
"Lake Anza","40468.6","Contra Costa County, California","California"
"Lake Arrowhead Reservoir","3.15655e+06","San Bernardino County, California","California"
"Lake Attitash","1.45687e+06","Merrimac, Massachusetts","Massachusetts"
"Lake Attitash","1.45687e+06","Amesbury, Massachusetts","Massachusetts"
"Lake August","210963.0","Placid Lakes, Florida","Florida"
"Lake Berryessa","8.37699e+07","Napa County, California","California"
"Lake Boon","659638.0","Stow, Massachusetts","Massachusetts"
"Lake Boon","659638.0","Hudson, Massachusetts","Massachusetts"
"Lake Buckeye","284251.0","Winter Haven, Florida","Florida"
"Lake Buel","793184.0","New Marlborough, Massachusetts","Massachusetts"
"Lake Buel","793184.0","Monterey, Massachusetts","Massachusetts"
"Lake Butler (Polk County, Florida)","69848.7","Haines City, Florida","Florida"
"Lake Cachuma","1.25453e+07","Santa Barbara County, California","California"
"Lake Calero","445154.0","Sacramento County, California","California"
"Lake Cannon","1.3476e+06","Winter Haven, Florida","Florida"
"Lake Canyon","42532.5","Lakeland, Florida","Florida"
"Lake Casitas","4.45154e+06","Ventura County, California","California"
"Lake Chabot","1.27476e+06","Alameda County, California","California"
"Lake Charlotte (Florida)","816210.0","Sebring, Florida","Florida"
"Lake Chaubunagungamaug","5.83557e+06","Webster, Massachusetts","Massachusetts"
"Lake Clay","1.42988e+06","Lake Placid, Florida","Florida"
"Lake Cuyamaca","445154.0","San Diego County, California","California"
"Lake Daisy","530138.0","Winter Haven, Florida","Florida"
"Lake Davis","1.62926e+07","Plumas County, California","California"
"Lake Dexter","671778.0","Winter Haven, Florida","Florida"
"Lake Dot (Orlando lake)","21934.0","Orlando, Florida","Florida"
"Lake Echo (Polk County, Florida)","278909.0","Lake Alfred, Florida","Florida"
"Lake Effie","424920.0","Lake Wales, Florida","Florida"
"Lake Elbert","696059.0","Winter Haven, Florida","Florida"
"Lake Eleanor","3.85665e+06","Tuolumne County, California","California"
"Lake Elizabeth (Florida)","3682.64","Winter Haven, Florida","Florida"
"Lake Elizabeth (Fremont, California)","335889.0","Fremont, California","California"
"Lake Ella","48562.3","Tallahassee, Florida","Florida"
"Lake Elsman","388498.0","Santa Clara County, California","California"
"Lake Eola Park","93077.7","Downtown Orlando","Florida"
"Lake Eva (Lake Alfred, Florida)","82960.6","Lake Alfred, Florida","Florida"
"Lake Evans (California)","348030.0","Kern County, California","California"
"Lake Fannie","3.24558e+06","Winter Haven, Florida","Florida"
"Lake Florence (Florida)","293761.0","Winter Haven, Florida","Florida"
"Lake Fox","220432.0","Winter Haven, Florida","Florida"
"Lake Gem (Florida)","12747.6","Winter Haven, Florida","Florida"
"Lake Gibson (Florida)","1.95463e+06","Lakeland, Florida","Florida"
"Lake Gross","350336.0","Winter Haven, Florida","Florida"
"Lake Hart (Winter Haven, Florida)","274579.0","Winter Haven, Florida","Florida"
"Lake Hartridge","1.75229e+06","Winter Haven, Florida","Florida"
"Lake Hemet","1.90202e+06","Riverside County, California","California"
"Lake Hennessey","3.19702e+06","Napa County, California","California"
"Lake Henry (Polk County, Florida)","3.43173e+06","Winter Haven, Florida","Florida"
"Lake Henshaw","4.61342e+06","San Diego County, California","California"
"Lake Hollingsworth","1.4164e+06","Lakeland, Florida","Florida"
"Lake Hunter","376358.0","Lakeland, Florida","Florida"
"Lake Idyl","76849.8","Winter Haven, Florida","Florida"
"Lake Idylwild","386394.0","Winter Haven, Florida","Florida"
"Lake Isabella","4.45154e+07","Kern County, California","California"
"Lake Jackson (Sebring, Florida)","3.72796e+07","Sebring, Florida","Florida"
"Lake Jennings","343983.0","Lakeside, California","California"
"Lake Jessie (Winter Haven, Florida)","764856.0","Winter Haven, Florida","Florida"
"Lake Josephine (Florida)","5.054e+06","Lake Placid, Florida","Florida"
"Lake Josephine (Florida)","5.054e+06","Sebring, Florida","Florida"
"Lake June in Winter","1.5079e+07","Lake Placid, Florida","Florida"
"Lake Lachard","72398.3","Lake Placid, Florida","Florida"
"Lake Lagunitas","89030.8","Marin County, California","California"
"Lake Lashaway","1.18573e+06","North Brookfield, Massachusetts","Massachusetts"
"Lake Lashaway","1.18573e+06","East Brookfield, Massachusetts","Massachusetts"
"Lake Link (Florida)","105906.0","Winter Haven, Florida","Florida"
"Lake Manly","2.6e+08","Inyo County, California","California"
"Lake Mariam","809371.0","Winter Haven, Florida","Florida"
"Lake Martha (Florida)","341474.0","Winter Haven, Florida","Florida"
"Lake Massapoag","1.42854e+06","Sharon, Massachusetts","Massachusetts"
"Lake Maude","221889.0","Winter Haven, Florida","Florida"
"Lake May (Florida)","198579.0","Winter Haven, Florida","Florida"
"Lake McCloud","2.10437e+06","Shasta County, California","California"
"Lake McCoy","205702.0","Lake Placid, Florida","Florida"
"Lake McLeod (Florida)","1.65921e+06","Eagle Lake, Florida","Florida"
"Lake Mendocino","7.77806e+06","Mendocino County, California","California"
"Lake Merced","2.63046e+06","San Francisco","California"
"Lake Merritt","566560.0","Oakland, California","California"
"Lake Ming","420873.0","Kern County, California","California"
"Lake Mirror (Winter Haven)","497763.0","Winter Haven, Florida","Florida"
"Lake Mission Viejo","505857.0","Mission Viejo, California","California"
"Lake Nippenicket","1.43259e+06","Bridgewater, Massachusetts","Plymouth County, Massachusetts"
"Lake Nippenicket","1.43259e+06","Bridgewater, Massachusetts","Massachusetts"
"Lake Norconian","242811.0","Riverside County, California","California"
"Lake Otis (Florida)","582747.0","Winter Haven, Florida","Florida"
"Lake Palmdale","2.373e+06","Los Angeles County, California","California"
"Lake Pansy (Winter Haven, Florida)","204043.0","Winter Haven, Florida","Florida"
"Lake Parker (Florida)","8.82623e+06","Lakeland, Florida","Florida"
"Lake Parker (Lake Wales, Florida)","542279.0","Lake Wales, Florida","Florida"
"Lake Pillsbury","8.09371e+06","Lake County, California","California"
"Lake Piru","5.0181e+06","Ventura County, California","California"
"Lake Placid (Highlands County, Florida)","1.37837e+07","Lake Placid, Florida","Florida"
"Lake Poinsett (Florida)","1.75391e+07","Cocoa, Florida","Florida"
"Lake Quinsigamond","3.12417e+06","Shrewsbury, Massachusetts","Massachusetts"
"Lake Quinsigamond","3.12417e+06","Worcester, Massachusetts","Massachusetts"
"Lake Ralphine","76890.3","Sonoma County, California","California"
"Lake Reed","68432.3","Winter Haven, Florida","Florida"
"Lake Rico","671778.0","Taunton, Massachusetts","Massachusetts"
"Lake Ring","13354.6","Winter Haven, Florida","Florida"
"Lake Rochelle","2.34718e+06","Lake Alfred, Florida","Florida"
"Lake Rochelle","2.34718e+06","Winter Haven, Florida","Florida"
"Lake Sabrina","744622.0","Inyo County, California","California"
"Lake San Antonio","2.3148e+07","Monterey County, California","California"
"Lake San Antonio","2.3148e+07","San Luis Obispo County, California","California"
"Lake Shipp","1.11693e+06","Winter Haven, Florida","Florida"
"Lake Sirena","578093.0","Lake Placid, Florida","Florida"
"Lake Siskiyou","1.74015e+06","Siskiyou County, California","California"
"Lake Smart","1.12098e+06","Winter Haven, Florida","Florida"
"Lake Sonoma","1.09265e+07","Sonoma County, California","California"
"Lake Thomas A Edison","7.6e+06","Fresno County, California","California"
"Lake Tuendae","5600.0","Zzyzx, California","California"
"Lake Tuendae","5600.0","San Bernardino County, California","California"
"Lake Van Arsdale","659638.0","Mendocino County, California","California"
"Lake Verona","165921.0","Avon Park, Florida","Florida"
"Lake Webb (California)","4.03876e+06","Kern County, California","California"
"Lake Wimauma","437060.0","Wimauma, Florida","Florida"
"Lake Winder","6.0541e+06","Viera, Florida","Florida"
"Lake Wire","89718.8","Lakeland, Florida","Florida"
"Lake Wyola","517998.0","Shutesbury, Massachusetts","Massachusetts"
"Lake Yosemite","2.02343e+06","Merced County, California","California"
"Leonards Pond (Rochester, Massachusetts)","218530.0","Rochester, Massachusetts","Plymouth County, Massachusetts"
"Leonards Pond (Rochester, Massachusetts)","218530.0","Rochester, Massachusetts","Massachusetts"
"Lewiston Lake","3.03514e+06","Trinity County, California","California"
"Lexington Reservoir","1.82109e+06","Santa Clara County, California","California"
"Little Grass Valley Reservoir","5.79915e+06","Plumas County, California","California"
"Little Herring Pond","364217.0","Plymouth, Massachusetts","Plymouth County, Massachusetts"
"Little Herring Pond","364217.0","Plymouth, Massachusetts","Massachusetts"
"Little Lake Bonny","97124.6","Lakeland, Florida","Florida"
"Little Lake Hamilton","1.4852e+06","Haines City, Florida","Florida"
"Little Lake Jackson","554419.0","Sebring, Florida","Florida"
"Little Long Pond (Plymouth, Massachusetts)","76890.3","Plymouth, Massachusetts","Plymouth County, Massachusetts"
"Little Long Pond (Plymouth, Massachusetts)","76890.3","Plymouth, Massachusetts","Massachusetts"
"Little Long Pond (Wareham, Massachusetts)","182109.0","Wareham, Massachusetts","Plymouth County, Massachusetts"
"Little Long Pond (Wareham, Massachusetts)","182109.0","Plymouth, Massachusetts","Plymouth County, Massachusetts"
"Little Long Pond (Wareham, Massachusetts)","182109.0","Wareham, Massachusetts","Massachusetts"
"Little Long Pond (Wareham, Massachusetts)","182109.0","Plymouth, Massachusetts","Massachusetts"
"Little Pond (Massachusetts)","174015.0","Plymouth, Massachusetts","Plymouth County, Massachusetts"
"Little Pond (Massachusetts)","174015.0","Plymouth, Massachusetts","Massachusetts"
"Little Quittacas Pond","1.20192e+06","Lakeville, Massachusetts","Plymouth County, Massachusetts"
"Little Quittacas Pond","1.20192e+06","Rochester, Massachusetts","Plymouth County, Massachusetts"
"Little Quittacas Pond","1.20192e+06","Lakeville, Massachusetts","Massachusetts"
"Little Quittacas Pond","1.20192e+06","Rochester, Massachusetts","Massachusetts"
"Little Rocky Pond (Massachusetts)","44515.4","Plymouth, Massachusetts","Plymouth County, Massachusetts"
"Little Rocky Pond (Massachusetts)","44515.4","Plymouth, Massachusetts","Massachusetts"
"Little Sandy Bottom Pond","218530.0","Pembroke, Massachusetts","Plymouth County, Massachusetts"
"Little Sandy Bottom Pond","218530.0","Pembroke, Massachusetts","Massachusetts"
"Little Sandy Pond","93077.7","Plymouth, Massachusetts","Plymouth County, Massachusetts"
"Little Sandy Pond","93077.7","Plymouth, Massachusetts","Massachusetts"
"Little South Pond","250905.0","Plymouth, Massachusetts","Plymouth County, Massachusetts"
"Little South Pond","250905.0","Plymouth, Massachusetts","Massachusetts"
"Little West Pond","101171.0","Plymouth, Massachusetts","Plymouth County, Massachusetts"
"Little West Pond","101171.0","Plymouth, Massachusetts","Massachusetts"
"Loch Lomond (California)","708200.0","Santa Cruz County, California","California"
"Long Duck Pond","93077.7","Plymouth, Massachusetts","Plymouth County, Massachusetts"
"Long Duck Pond","93077.7","Plymouth, Massachusetts","Massachusetts"
"Long Island Pond (Plymouth, Massachusetts)","121406.0","Plymouth, Massachusetts","Plymouth County, Massachusetts"
"Long Island Pond (Plymouth, Massachusetts)","121406.0","Plymouth, Massachusetts","Massachusetts"
"Long Pond (Lakeville, Massachusetts)","6.96464e+06","Lakeville, Massachusetts","Plymouth County, Massachusetts"
"Long Pond (Lakeville, Massachusetts)","6.96464e+06","Freetown, Massachusetts","Massachusetts"
"Long Pond (Lakeville, Massachusetts)","6.96464e+06","Lakeville, Massachusetts","Massachusetts"
"Long Pond (Plymouth, Massachusetts)","853887.0","Plymouth, Massachusetts","Plymouth County, Massachusetts"
"Long Pond (Plymouth, Massachusetts)","853887.0","Plymouth, Massachusetts","Massachusetts"
"Long Pond (Rochester, Massachusetts)","133546.0","Rochester, Massachusetts","Plymouth County, Massachusetts"
"Long Pond (Rochester, Massachusetts)","133546.0","Rochester, Massachusetts","Massachusetts"
"Lost Lake (California)","7000.0","El Dorado County, California","California"
"Lost Lake (Groton)","825559.0","Groton, Massachusetts","Massachusetts"
"Lout Pond","72843.4","Plymouth, Massachusetts","Plymouth County, Massachusetts"
"Lout Pond","72843.4","Plymouth, Massachusetts","Massachusetts"
"Lower Chandler Pond","121406.0","Pembroke, Massachusetts","Plymouth County, Massachusetts"
"Lower Chandler Pond","121406.0","Duxbury, Massachusetts","Plymouth County, Massachusetts"
"Lower Chandler Pond","121406.0","Pembroke, Massachusetts","Massachusetts"
"Lower Chandler Pond","121406.0","Duxbury, Massachusetts","Massachusetts"
"Lower Otay Reservoir","4.45154e+06","San Diego County, California","California"
"Malibou Lake, California","1.4164e+06","Los Angeles","California"
"Mammoth Pool Reservoir","4.45154e+06","Fresno County, California","California"
"Mammoth Pool Reservoir","4.45154e+06","Madera County, California","California"
"Maquan Pond","194249.0","Hanson, Massachusetts","Plymouth County, Massachusetts"
"Maquan Pond","194249.0","Hanson, Massachusetts","Massachusetts"
"Mary's Pond","327795.0","Rochester, Massachusetts","Plymouth County, Massachusetts"
"Mary's Pond","327795.0","Rochester, Massachusetts","Massachusetts"
"Meiss Lake","1.21406e+07","Siskiyou County, California","California"
"Micajah Pond (Massachusetts)","80937.1","Plymouth, Massachusetts","Plymouth County, Massachusetts"
"Micajah Pond (Massachusetts)","80937.1","Plymouth, Massachusetts","Massachusetts"
"Middle Lake Hamilton","416826.0","Winter Haven, Florida","Florida"
"Mill Pond (Duxbury, Massachusetts)","52609.1","Duxbury, Massachusetts","Plymouth County, Massachusetts"
"Mill Pond (Duxbury, Massachusetts)","52609.1","Duxbury, Massachusetts","Massachusetts"
"Mill Pond (Wareham, Massachusetts)","607028.0","Wareham, Massachusetts","Plymouth County, Massachusetts"
"Mill Pond (Wareham, Massachusetts)","607028.0","Wareham, Massachusetts","Massachusetts"
"Millerton Lake","1.98296e+07","Fresno County, California","California"
"Millerton Lake","1.98296e+07","Madera County, California","California"
"Mirror Lake (Lake Placid)","376965.0","Lake Placid, Florida","Florida"
"Mono Lake","1.82647e+08","Mono County, California","California"
"Monponsett Pond","995527.0","Halifax, Massachusetts","Plymouth County, Massachusetts"
"Monponsett Pond","1.14121e+06","Halifax, Massachusetts","Plymouth County, Massachusetts"
"Monponsett Pond","995527.0","Halifax, Massachusetts","Massachusetts"
"Monponsett Pond","1.14121e+06","Halifax, Massachusetts","Massachusetts"
"Morey Hole","89030.8","Plymouth, Massachusetts","Plymouth County, Massachusetts"
"Morey Hole","89030.8","Plymouth, Massachusetts","Massachusetts"
"Mountain Meadows Reservoir","2.34718e+07","Lassen County, California","California"
"Muddy Pond (Kingston, Massachusetts)","149734.0","Kingston, Massachusetts","Plymouth County, Massachusetts"
"Muddy Pond (Kingston, Massachusetts)","149734.0","Kingston, Massachusetts","Massachusetts"
"New Hogan Lake","1.78466e+07","Calaveras County, California","California"
"New Long Pond","93077.7","Plymouth, Massachusetts","Plymouth County, Massachusetts"
"New Long Pond","93077.7","Plymouth, Massachusetts","Massachusetts"
"New Melones Lake","5.1e+07","Calaveras County, California","California"
"New Melones Lake","5.1e+07","Tuolumne County, California","California"
"Newnans Lake","3.042e+07","Gainesville, Florida","Florida"
"Nicasio Reservoir","3.41959e+06","Marin County, California","California"
"North Hill Marsh Pond","153781.0","Duxbury, Massachusetts","Plymouth County, Massachusetts"
"North Hill Marsh Pond","153781.0","Duxbury, Massachusetts","Massachusetts"
"North Triangle Pond","80937.1","Plymouth, Massachusetts","Plymouth County, Massachusetts"
"North Triangle Pond","80937.1","Plymouth, Massachusetts","Massachusetts"
"Oldham Pond (Massachusetts)","938871.0","Pembroke, Massachusetts","Plymouth County, Massachusetts"
"Oldham Pond (Massachusetts)","938871.0","Hanson, Massachusetts","Plymouth County, Massachusetts"
"Oldham Pond (Massachusetts)","938871.0","Pembroke, Massachusetts","Massachusetts"
"Oldham Pond (Massachusetts)","938871.0","Hanson, Massachusetts","Massachusetts"
"Otis Reservoir","4.39084e+06","Blandford, Massachusetts","Massachusetts"
"Otis Reservoir","4.39084e+06","Otis, Massachusetts","Massachusetts"
"Otis Reservoir","4.39084e+06","Tolland, Massachusetts","Massachusetts"
"Pacheco Reservoir","797231.0","Santa Clara County, California","California"
"Padgett Lake","64506.9","Lake Wales, Florida","Florida"
"Park Lake (Orlando, Florida)","35612.3","Orlando, Florida","Florida"
"Parker Mills Pond","424920.0","Wareham, Massachusetts","Plymouth County, Massachusetts"
"Parker Mills Pond","424920.0","Wareham, Massachusetts","Massachusetts"
"Pembroke Street South Pond","64749.7","Kingston, Massachusetts","Plymouth County, Massachusetts"
"Pembroke Street South Pond","64749.7","Kingston, Massachusetts","Massachusetts"
"Petaluma Reservoir","40468.6","Sonoma County, California","California"
"Pine Flat Lake","2.41597e+07","Fresno County, California","California"
"Pine Lake (Duxbury, Massachusetts)","93077.7","Duxbury, Massachusetts","Plymouth County, Massachusetts"
"Pine Lake (Duxbury, Massachusetts)","93077.7","Duxbury, Massachusetts","Massachusetts"
"Pine Street Pond","68796.6","Duxbury, Massachusetts","Plymouth County, Massachusetts"
"Pine Street Pond","68796.6","Duxbury, Massachusetts","Massachusetts"
"Pocksha Pond","930777.0","Lakeville, Massachusetts","Plymouth County, Massachusetts"
"Pocksha Pond","930777.0","Middleborough, Massachusetts","Plymouth County, Massachusetts"
"Pocksha Pond","930777.0","Middleborough, Massachusetts","Massachusetts"
"Pocksha Pond","930777.0","Lakeville, Massachusetts","Massachusetts"
"Puddingstone Reservoir","1.01171e+06","Los Angeles County, California","California"
"Quaboag Pond","2.17316e+06","Brookfield, Massachusetts","Massachusetts"
"Quaboag Pond","2.17316e+06","East Brookfield, Massachusetts","Massachusetts"
"Quail Lake","1e+06","Los Angeles County, California","California"
"Racetrack Playa","7e+06","Inyo County, California","California"
"Rancho Seco Recreational Park","647497.0","Sacramento County, California","California"
"Rector Reservoir","331842.0","Napa County, California","California"
"Red Lake (Orlando)","497763.0","Orlando, Florida","Florida"
"Reeds Millpond","40468.6","Kingston, Massachusetts","Plymouth County, Massachusetts"
"Reeds Millpond","40468.6","Kingston, Massachusetts","Massachusetts"
"Reeves Lake","109872.0","Winter Haven, Florida","Florida"
"River Lake (Winter Haven, Florida)","109184.0","Winter Haven, Florida","Florida"
"Robbins Pond (Massachusetts)","501810.0","East Bridgewater, Massachusetts","Plymouth County, Massachusetts"
"Robbins Pond (Massachusetts)","501810.0","Halifax, Massachusetts","Plymouth County, Massachusetts"
"Robbins Pond (Massachusetts)","501810.0","East Bridgewater, Massachusetts","Massachusetts"
"Robbins Pond (Massachusetts)","501810.0","Halifax, Massachusetts","Massachusetts"
"Roberts Lake","20234.3","Rohnert Park, California","California"
"Rocky Pond (Plymouth, Massachusetts)","72843.4","Plymouth, Massachusetts","Plymouth County, Massachusetts"
"Rocky Pond (Plymouth, Massachusetts)","72843.4","Plymouth, Massachusetts","Massachusetts"
"Rogers Dry Lake","1.12e+08","Kern County, California","California"
"Rogers Dry Lake","1.12e+08","Los Angeles County, California","California"
"Rosamond Lake","3.5e+07","Kern County, California","California"
"Rosamond Lake","3.5e+07","Los Angeles County, California","California"
"Round Lake (Florida lake)","108213.0","Winter Haven, Florida","Florida"
"Round Pond (Duxbury, Massachusetts)","44515.4","Duxbury, Massachusetts","Plymouth County, Massachusetts"
"Round Pond (Duxbury, Massachusetts)","44515.4","Duxbury, Massachusetts","Massachusetts"
"Round Pond (Plymouth, Massachusetts)","40468.6","Plymouth, Massachusetts","Plymouth County, Massachusetts"
"Round Pond (Plymouth, Massachusetts)","40468.6","Plymouth, Massachusetts","Massachusetts"
"Russell Millpond","169968.0","Plymouth, Massachusetts","Plymouth County, Massachusetts"
"Russell Millpond","169968.0","Plymouth, Massachusetts","Massachusetts"
"Russell Pond (Massachusetts)","56656.0","Kingston, Massachusetts","Plymouth County, Massachusetts"
"Russell Pond (Massachusetts)","56656.0","Kingston, Massachusetts","Massachusetts"
"Salt Spring Valley Reservoir","3.94569e+06","Calaveras County, California","California"
"Salton Sea","8.89e+08","Imperial County, California","California"
"Salton Sea","8.89e+08","Riverside County, California","California"
"Sampsons Pond","1.25453e+06","Carver, Massachusetts","Plymouth County, Massachusetts"
"Sampsons Pond","1.25453e+06","Carver, Massachusetts","Massachusetts"
"San Andreas Lake","2.22577e+06","San Mateo County, California","California"
"San Luis Reservoir","5.13951e+07","Merced County, California","California"
"San Vicente Reservoir","4.45154e+06","San Diego County, California","California"
"Sandy Pond (Wareham, Massachusetts)","72843.4","Wareham, Massachusetts","Plymouth County, Massachusetts"
"Sandy Pond (Wareham, Massachusetts)","72843.4","Wareham, Massachusetts","Massachusetts"
"Santa Rosa Creek Reservoir","623216.0","Sonoma County, California","California"
"Savery Pond (Plymouth, Massachusetts)","133546.0","Plymouth, Massachusetts","Plymouth County, Massachusetts"
"Savery Pond (Plymouth, Massachusetts)","133546.0","Plymouth, Massachusetts","Massachusetts"
"Scotts Flat Reservoir","3.43983e+06","Nevada County, California","California"
"Shallow Pond (Plymouth, Massachusetts)","72843.4","Plymouth, Massachusetts","Plymouth County, Massachusetts"
"Shallow Pond (Plymouth, Massachusetts)","72843.4","Plymouth, Massachusetts","Massachusetts"
"Shasta Lake","1.21406e+08","Shasta County, California","California"
"Shaver Lake","8.81001e+06","Fresno County, California","California"
"Ship Pond","44515.4","Plymouth, Massachusetts","Plymouth County, Massachusetts"
"Ship Pond","44515.4","Plymouth, Massachusetts","Massachusetts"
"Silver Lake (Plymouth County, Massachusetts)","2.58999e+06","Pembroke, Massachusetts","Plymouth County, Massachusetts"
"Silver Lake (Plymouth County, Massachusetts)","2.58999e+06","Plympton, Massachusetts","Plymouth County, Massachusetts"
"Silver Lake (Plymouth County, Massachusetts)","2.58999e+06","Kingston, Massachusetts","Plymouth County, Massachusetts"
"Silver Lake (Plymouth County, Massachusetts)","2.58999e+06","Plympton, Massachusetts","Massachusetts"
"Silver Lake (Plymouth County, Massachusetts)","2.58999e+06","Pembroke, Massachusetts","Massachusetts"
"Silver Lake (Plymouth County, Massachusetts)","2.58999e+06","Kingston, Massachusetts","Massachusetts"
"Smelt Pond","178062.0","Kingston, Massachusetts","Plymouth County, Massachusetts"
"Smelt Pond","178062.0","Kingston, Massachusetts","Massachusetts"
"Snipatuit Pond","2.87327e+06","Rochester, Massachusetts","Plymouth County, Massachusetts"
"Snipatuit Pond","2.87327e+06","Rochester, Massachusetts","Massachusetts"
"Soda Lake (San Luis Obispo County)","1.2e+07","San Luis Obispo County, California","California"
"South Meadow Brook Reservoir","101171.0","Carver, Massachusetts","Plymouth County, Massachusetts"
"South Meadow Brook Reservoir","101171.0","Carver, Massachusetts","Massachusetts"
"South Meadow Pond (Carver, Massachusetts)","68796.6","Carver, Massachusetts","Plymouth County, Massachusetts"
"South Meadow Pond (Carver, Massachusetts)","68796.6","Carver, Massachusetts","Massachusetts"
"South Triangle Pond","60702.8","Plymouth, Massachusetts","Plymouth County, Massachusetts"
"South Triangle Pond","60702.8","Plymouth, Massachusetts","Massachusetts"
"Spectacle Pond (Wareham, Massachusetts)","169968.0","Wareham, Massachusetts","Plymouth County, Massachusetts"
"Spectacle Pond (Wareham, Massachusetts)","169968.0","Wareham, Massachusetts","Massachusetts"
"Spring Lake (Winter Haven)","97893.5","Winter Haven, Florida","Florida"
"Spy Pond","416826.0","Arlington, Massachusetts","Massachusetts"
"Stetson Pond (Pembroke, Massachusetts)","376358.0","Pembroke, Massachusetts","Plymouth County, Massachusetts"
"Stetson Pond (Pembroke, Massachusetts)","376358.0","Pembroke, Massachusetts","Massachusetts"
"Stevens Creek Reservoir","372311.0","Santa Clara County, California","California"
"Stockbridge Bowl","1.50543e+06","Stockbridge, Massachusetts","Massachusetts"
"Studleys Pond","117359.0","Rockland, Massachusetts","Plymouth County, Massachusetts"
"Studleys Pond","117359.0","Rockland, Massachusetts","Massachusetts"
"Stump Pond (Pembroke, Massachusetts)","404686.0","Pembroke, Massachusetts","Plymouth County, Massachusetts"
"Stump Pond (Pembroke, Massachusetts)","404686.0","Pembroke, Massachusetts","Massachusetts"
"Sugar Pine Reservoir","667731.0","Northern California","California"
"Sugden Reservoir","345197.0","Spencer, Massachusetts","Massachusetts"
"Sunset Lake (Orlando, Florida)","116388.0","Orlando, Florida","Florida"
"Sweetwater Reservoir","3.78786e+06","San Diego County, California","California"
"Thompson Pond (Massachusetts)","469435.0","Spencer, Massachusetts","Massachusetts"
"Tihonet Pond","360170.0","Wareham, Massachusetts","Plymouth County, Massachusetts"
"Tihonet Pond","360170.0","Wareham, Massachusetts","Massachusetts"
"Tispaquin Pond","785090.0","Middleborough, Massachusetts","Plymouth County, Massachusetts"
"Tispaquin Pond","785090.0","Middleborough, Massachusetts","Massachusetts"
"Tolay Lake","809371.0","Sonoma County, California","California"
"Topaz Lake","9.75292e+06","Mono County, California","California"
"Tremont Mill Pond","202343.0","Wareham, Massachusetts","Plymouth County, Massachusetts"
"Tremont Mill Pond","202343.0","Wareham, Massachusetts","Massachusetts"
"Triangle Pond (Massachusetts)","40468.6","Plymouth, Massachusetts","Plymouth County, Massachusetts"
"Triangle Pond (Massachusetts)","40468.6","Plymouth, Massachusetts","Massachusetts"
"Tulare Lake","1.78e+09","Kings County, California","California"
"Tulare Lake","1.78e+09","San Joaquin Valley","California"
"Tule Lake","5.26091e+07","Siskiyou County, California","California"
"Tule Lake","5.26091e+07","Modoc County, California","California"
"Ukonom Lake","271139.0","Siskiyou County, California","California"
"Union Pond (Massachusetts)","101171.0","Wareham, Massachusetts","Plymouth County, Massachusetts"
"Union Pond (Massachusetts)","101171.0","Wareham, Massachusetts","Massachusetts"
"Upper Chandler Pond","40468.6","Pembroke, Massachusetts","Plymouth County, Massachusetts"
"Upper Chandler Pond","40468.6","Duxbury, Massachusetts","Plymouth County, Massachusetts"
"Upper Chandler Pond","40468.6","Pembroke, Massachusetts","Massachusetts"
"Upper Chandler Pond","40468.6","Duxbury, Massachusetts","Massachusetts"
"Uvas Reservoir","1.16549e+06","Santa Clara County, California","California"
"Vaughn Pond (Massachusetts)","89030.8","Carver, Massachusetts","Plymouth County, Massachusetts"
"Vaughn Pond (Massachusetts)","89030.8","Carver, Massachusetts","Massachusetts"
"Walden Pond","246858.0","Concord, Massachusetts","Massachusetts"
"Wampatuck Pond","258999.0","Hanson, Massachusetts","Plymouth County, Massachusetts"
"Wampatuck Pond","258999.0","Hanson, Massachusetts","Massachusetts"
"Watuppa Ponds","7.30458e+06","Fall River, Massachusetts","Massachusetts"
"Watuppa Ponds","6.27667e+06","Fall River, Massachusetts","Massachusetts"
"Watuppa Ponds","6.27667e+06","Westport, Massachusetts","Massachusetts"
"Watuppa Ponds","7.30458e+06","Westport, Massachusetts","Massachusetts"
"West Chandler Pond","48562.3","Pembroke, Massachusetts","Plymouth County, Massachusetts"
"West Chandler Pond","48562.3","Pembroke, Massachusetts","Massachusetts"
"Weston Reservoir","9.06496e+06","Weston, Massachusetts","Massachusetts"
"Whale Rock Reservoir","2.06e+07","San Luis Obispo County, California","California"
"Whiskeytown Lake","1.3994e+07","Shasta County, California","California"
"White Island Pond","493716.0","Wareham, Massachusetts","Plymouth County, Massachusetts"
"White Island Pond","643450.0","Wareham, Massachusetts","Plymouth County, Massachusetts"
"White Island Pond","493716.0","Plymouth, Massachusetts","Plymouth County, Massachusetts"
"White Island Pond","643450.0","Plymouth, Massachusetts","Plymouth County, Massachusetts"
"White Island Pond","643450.0","Wareham, Massachusetts","Massachusetts"
"White Island Pond","493716.0","Wareham, Massachusetts","Massachusetts"
"White Island Pond","493716.0","Plymouth, Massachusetts","Massachusetts"
"White Island Pond","643450.0","Plymouth, Massachusetts","Massachusetts"
"Whites Pond (Massachusetts)","133546.0","Plymouth, Massachusetts","Plymouth County, Massachusetts"
"Whites Pond (Massachusetts)","133546.0","Plymouth, Massachusetts","Massachusetts"
"Winnecunnet Pond","598935.0","Norton, Massachusetts","Massachusetts"
