"celebrity","birth_place","country"
"Zooey Deschenelle","Los Angeles","United States"
"Zooey Deschnel","Los Angeles","United States"
"Zooey Deschaniel","Los Angeles","United States"
"Zooey Duschanel","Los Angeles","United States"
"Zooey Deschannell","Los Angeles","United States"
"Zooey Dechennel","Los Angeles","United States"
"Zooey Dashanell","Los Angeles","United States"
"Zooey Deshanele","Los Angeles","United States"
"Zooey Dashanelle","Los Angeles","United States"
"Zooey Deshonel","Los Angeles","United States"
"Zooey Daschanell","Los Angeles","United States"
"Zooey Desenel","Los Angeles","United States"
"Zooey Desanel","Los Angeles","United States"
"Zooey Descha","Los Angeles","United States"
"Zooey Deschemel","Los Angeles","United States"
"Zooey Deuchenel","Los Angeles","United States"
"Zooey Deishnel","Los Angeles","United States"
"Zooey Deschanells","Los Angeles","United States"
"Zooey Deschenelles","Los Angeles","United States"
"Zooey Deichnel","Los Angeles","United States"
"Zooey Deschenaal","Los Angeles","United States"
"Zooey Deachenal","Los Angeles","United States"
"Zooey Dehsanel","Los Angeles","United States"
"Zooey Deschunal","Los Angeles","United States"
"Zooey Dechannels","Los Angeles","United States"
"Zooey Deychanelle","Los Angeles","United States"
"Zooey Dechamelle","Los Angeles","United States"
"Zooey Daishanel","Los Angeles","United States"
"Zooey Dauchenel","Los Angeles","United States"
"Zooey Deishanell","Los Angeles","United States"
"Zooey Deshannelle","Los Angeles","United States"
"Zooey Deshauneil","Los Angeles","United States"
"Zooey Dishana","Los Angeles","United States"
"Zooey Deuschal","Los Angeles","United States"
"Zooey Detchnel","Los Angeles","United States"
"Zooey Deshnah","Los Angeles","United States"
"Zooey Dechenile","Los Angeles","United States"
"Zooey Deshenau","Los Angeles","United States"
"Zooey Deschensal","Los Angeles","United States"
"Zooey Dechanrl","Los Angeles","United States"
"Zooey Deshaunell","Los Angeles","United States"
"Zooey Desshannel","Los Angeles","United States"
"Zooey Descheney","Los Angeles","United States"
"Zooey Deuschenell","Los Angeles","United States"
"Zooey Daeshabnal","Los Angeles","United States"
"Zooey Dushanell","Los Angeles","United States"
"Zooey Desinehel","Los Angeles","United States"
"Zooey Deshynal","Los Angeles","United States"
"Zooey Daeychanel","Los Angeles","United States"
"Zooey Deshanellee","Los Angeles","United States"
"Zooey Dooechenel","Los Angeles","United States"
"Zooey Desueneul","Los Angeles","United States"
"Zooey Duschnell","Los Angeles","United States"
"Zooey Deshnael","Los Angeles","United States"
"Zooey Deschaynel","Los Angeles","United States"
"Zooey Deffanel","Los Angeles","United States"
"Zooey Deshioner","Los Angeles","United States"
"Zooey Deychnail","Los Angeles","United States"
"Zooey Daeshanele","Los Angeles","United States"
"Zooey Dechannek","Los Angeles","United States"
"Zooey Deashennel","Los Angeles","United States"
"Zooey Deschnow","Los Angeles","United States"
"Zooey Dachensel","Los Angeles","United States"
"Zooey Deshchannel","Los Angeles","United States"
"Zooey Desansel","Los Angeles","United States"
"Zooey Deachaunel","Los Angeles","United States"
"Zooey Dezenel","Los Angeles","United States"
"Zooey Doushanell","Los Angeles","United States"
"Zooey Deshena","Los Angeles","United States"
"Zooey Deschabms","Los Angeles","United States"
"Zooey Desschannel","Los Angeles","United States"
"Zooey Descannelle","Los Angeles","United States"
"Zooey Descional","Los Angeles","United States"
"Zooey Daelshenel","Los Angeles","United States"
"Zooey Dachenele","Los Angeles","United States"
"Zooey Descahanel","Los Angeles","United States"
"Zooey Descchanel","Los Angeles","United States"
"Zooey Derschanel","Los Angeles","United States"
"Zooey Dauchanel","Los Angeles","United States"
"Zooey Deichna","Los Angeles","United States"
"Zooey Desshenelle","Los Angeles","United States"
"Zooey Dechanei","Los Angeles","United States"
"Zooey Dashiner","Los Angeles","United States"
"Zooey Descaniel","Los Angeles","United States"
"Zooey Daychenal","Los Angeles","United States"
"Zooey Daschinele","Los Angeles","United States"
"Zooey Daeschaneal","Los Angeles","United States"
"Zooey Duchaemel","Los Angeles","United States"
"Zooey Deshunnell","Los Angeles","United States"
"Zooey Deshionel","Los Angeles","United States"
"Zooey Deshynau","Los Angeles","United States"
"Zooey Deichman","Los Angeles","United States"
"Zooey Deischenel","Los Angeles","United States"
"Zooey Dooschanuel","Los Angeles","United States"
"Zooey Dechanneles","Los Angeles","United States"
"Zooey Dishonel","Los Angeles","United States"
"Zooey Deschla","Los Angeles","United States"
"Zooey Desihan","Los Angeles","United States"
"Zooey Dechaneil","Los Angeles","United States"
"Zooey Deskchair","Los Angeles","United States"
"Zooey Deoshenel","Los Angeles","United States"
"Zooey Deschernyl","Los Angeles","United States"
"Zooey Dechaneile","Los Angeles","United States"
"Zooey Deschanle","Los Angeles","United States"
"Sarah Mclachlan","Halifax","Canada"
"Sarah Mcglochlan","Halifax","Canada"
"Sarah Mclaklen","Halifax","Canada"
"Sarah Mcglauglin","Halifax","Canada"
"Sarah Mclaughclin","Halifax","Canada"
"Sarah Mcglocklen","Halifax","Canada"
"Sarah Mcgloghlin","Halifax","Canada"
"Sarah Maclaughan","Halifax","Canada"
"Sarah Mcluaghlin","Halifax","Canada"
"Sarah Mcglauhlin","Halifax","Canada"
"Sarah Maclaklen","Halifax","Canada"
"Sarah Mcgloclen","Halifax","Canada"
"Sarah Maclocklin","Halifax","Canada"
"Sarah Maclauklin","Halifax","Canada"
"Sarah Mccloghlan","Halifax","Canada"
"Sarah Mcclocklin","Halifax","Canada"
"Sarah Mclaukin","Halifax","Canada"
"Sarah Mclochlean","Halifax","Canada"
"Sarah Maclauclen","Halifax","Canada"
"Sarah Mcclachlin","Halifax","Canada"
"Sarah Mclaucklen","Halifax","Canada"
"Sarah Mcloglin","Halifax","Canada"
"Sarah Machlaclin","Halifax","Canada"
"Sarah Mclaucklan","Halifax","Canada"
"Sarah Machlochlan","Halifax","Canada"
"Sarah Macloghlan","Halifax","Canada"
"Sarah Mclanahan","Halifax","Canada"
"Sarah Mcclauchan","Halifax","Canada"
"Sarah Mcgloucklan","Halifax","Canada"
"Sarah Mclaughglin","Halifax","Canada"
"Sarah Mcclanahan","Halifax","Canada"
"Sarah Mcglacklyn","Halifax","Canada"
"Sarah Mclahlen","Halifax","Canada"
"Sarah Mclocklyn","Halifax","Canada"
"Sarah Maclacen","Halifax","Canada"
"Sarah Mcclellan","Halifax","Canada"
"Sarah Mcglaphlin","Halifax","Canada"
"Sarah Mcglaghin","Halifax","Canada"
"Sarah Mclaghlen","Halifax","Canada"
"Sarah Mcloughclan","Halifax","Canada"
"Sarah Mclocklinn","Halifax","Canada"
"Sarah Maclahlahn","Halifax","Canada"
"Sarah Mclauhan","Halifax","Canada"
"Sarah Mclophin","Halifax","Canada"
"Sarah Mclaughtlyn","Halifax","Canada"
"Sarah Mcalclan","Halifax","Canada"
"Sarah Macalahan","Halifax","Canada"
"Sarah Maccloclan","Halifax","Canada"
"Sarah Mclahclan","Halifax","Canada"
"Sarah Mcgaullan","Halifax","Canada"
"Sarah Mcchlachan","Halifax","Canada"
"Sarah Mcglauglain","Halifax","Canada"
"Sarah Meclaglen","Halifax","Canada"
"Sarah Macglauhan","Halifax","Canada"
"Sarah Maclouhlin","Halifax","Canada"
"Sarah Mcclaucklin","Halifax","Canada"
"Sarah Maclauhan","Halifax","Canada"
"Sarah Mcclachen","Halifax","Canada"
"Sarah Mcachlan","Halifax","Canada"
"Sarah Macachlan","Halifax","Canada"
"Sarah Mcclaiggan","Halifax","Canada"
"Sarah Maglochlen","Halifax","Canada"
"Sarah Maclchlen","Halifax","Canada"
"Sarah Mcglaughln","Halifax","Canada"
"Sarah Maloughlan","Halifax","Canada"
"Sarah Mclauffen","Halifax","Canada"
"Sarah Mcclallan","Halifax","Canada"
"Sarah Mcaclan","Halifax","Canada"
"Sarah Mglauklin","Halifax","Canada"
"Sarah Maglachan","Halifax","Canada"
"Sarah Mccglauclan","Halifax","Canada"
"Sarah Mclaughalin","Halifax","Canada"
"Sarah Mclafthin","Halifax","Canada"
"Sarah Mclaun","Halifax","Canada"
"Sarah Mclockmann","Halifax","Canada"
"Sarah Maclahagan","Halifax","Canada"
"Sarah Mclaughlim","Halifax","Canada"
"Sarah Melaklen","Halifax","Canada"
"Sarah Macglocclan","Halifax","Canada"
"Sarah Machlaan","Halifax","Canada"
"Sarah Mcglocklun","Halifax","Canada"
"Sarah Maclalan","Halifax","Canada"
"Sarah Mcglachkin","Halifax","Canada"
"Sarah Mcgauckland","Halifax","Canada"
"Sarah Macclaclen","Halifax","Canada"
"Sarah Mcglocclin","Halifax","Canada"
"Sarah Mgclocklin","Halifax","Canada"
"Sarah Machlaghlin","Halifax","Canada"
"Sarah Maclaucklen","Halifax","Canada"
"Sarah Mcglokhan","Halifax","Canada"
"Sarah Mcalughlan","Halifax","Canada"
"Sarah Mcalagn","Halifax","Canada"
"Sarah Mcloghlab","Halifax","Canada"
"Sarah Mclocnen","Halifax","Canada"
"Sarah Mcglaclun","Halifax","Canada"
"Sarah Mclaughlaun","Halifax","Canada"
"Sarah Mglockland","Halifax","Canada"
"Sarah Mclaulin","Halifax","Canada"
"Sarah Maclacan","Halifax","Canada"
"Sarah Maclucklen","Halifax","Canada"
"Sarah Mclaughcan","Halifax","Canada"
"Sarah Mclouchlan","Halifax","Canada"
"Sarah Machauchlin","Halifax","Canada"
"Sarah Mclochlyn","Halifax","Canada"
"Sarah Maclachlana","Halifax","Canada"
"Sarah Maglauhlin","Halifax","Canada"
"Sarah Mcchlochlan","Halifax","Canada"
"Zachary Knight Galiafanakis","Wilkesboro","United States"
"Zachary Knight Gallifianakis","Wilkesboro","United States"
"Zachary Knight Galafankis","Wilkesboro","United States"
"Zachary Knight Galafanackis","Wilkesboro","United States"
"Zachary Knight Galafanakus","Wilkesboro","United States"
"Zachary Knight Galfiniakis","Wilkesboro","United States"
"Zachary Knight Galafiankis","Wilkesboro","United States"
"Zachary Knight Galafanacis","Wilkesboro","United States"
"Zachary Knight Galafinnakis","Wilkesboro","United States"
"Zachary Knight Galifinackas","Wilkesboro","United States"
"Zachary Knight Gilifinakis","Wilkesboro","United States"
"Zachary Knight Galafinachis","Wilkesboro","United States"
"Zachary Knight Galifinacas","Wilkesboro","United States"
"Zachary Knight Galafranakis","Wilkesboro","United States"
"Zachary Knight Galliafinakis","Wilkesboro","United States"
"Zachary Knight Galiffinakis","Wilkesboro","United States"
"Zachary Knight Galaifinakis","Wilkesboro","United States"
"Zachary Knight Galifinak","Wilkesboro","United States"
"Zachary Knight Galifanaekis","Wilkesboro","United States"
"Zachary Knight Galafrinakis","Wilkesboro","United States"
"Zachary Knight Galfinkis","Wilkesboro","United States"
"Zachary Knight Galfakis","Wilkesboro","United States"
"Zachary Knight Gallifinacas","Wilkesboro","United States"
"Zachary Knight Gallifinakes","Wilkesboro","United States"
"Zachary Knight Galifikinakis","Wilkesboro","United States"
"Zachary Knight Galifianakisga","Wilkesboro","United States"
"Zachary Knight Ganafilakis","Wilkesboro","United States"
"Zachary Knight Galifenackis","Wilkesboro","United States"
"Zachary Knight Galifankus","Wilkesboro","United States"
"Zachary Knight Galakinakis","Wilkesboro","United States"
"Zachary Knight Galefanikis","Wilkesboro","United States"
"Zachary Knight Galfianakas","Wilkesboro","United States"
"Zachary Knight Galaffinakis","Wilkesboro","United States"
"Zachary Knight Galifianaks","Wilkesboro","United States"
"Zachary Knight Galafinkus","Wilkesboro","United States"
"Zachary Knight Galafanaskis","Wilkesboro","United States"
"Zachary Knight Gallafanikis","Wilkesboro","United States"
"Zachary Knight Galifanacas","Wilkesboro","United States"
"Zachary Knight Gallifrinakis","Wilkesboro","United States"
"Zachary Knight Galfankis","Wilkesboro","United States"
"Zachary Knight Gallefanakis","Wilkesboro","United States"
"Zachary Knight Garafalakis","Wilkesboro","United States"
"Zachary Knight Galifanks","Wilkesboro","United States"
"Zachary Knight Gallafaniakis","Wilkesboro","United States"
"Zachary Knight Gyllifinakis","Wilkesboro","United States"
"Zachary Knight Galfanis","Wilkesboro","United States"
"Zachary Knight Gelafanakis","Wilkesboro","United States"
"Zachary Knight Galafanickis","Wilkesboro","United States"
"Zachary Knight Gallafranakis","Wilkesboro","United States"
"Zachary Knight Gallafnakus","Wilkesboro","United States"
"Zachary Knight Galifiankakis","Wilkesboro","United States"
"Zachary Knight Galafinyakis","Wilkesboro","United States"
"Zachary Knight Galfakanis","Wilkesboro","United States"
"Zachary Knight Galifaniackis","Wilkesboro","United States"
"Zachary Knight Galifinakies","Wilkesboro","United States"
"Zachary Knight Galifenacus","Wilkesboro","United States"
"Zachary Knight Galafalanis","Wilkesboro","United States"
"Zachary Knight Galifeanakis","Wilkesboro","United States"
"Zachary Knight Galinfianakis","Wilkesboro","United States"
"Zachary Knight Galiffinackis","Wilkesboro","United States"
"Zachary Knight Galifanniakis","Wilkesboro","United States"
"Zachary Knight Galafankus","Wilkesboro","United States"
"Zachary Knight Gallifanacous","Wilkesboro","United States"
"Zachary Knight Galifianikas","Wilkesboro","United States"
"Zachary Knight Galifinkus","Wilkesboro","United States"
"Zachary Knight Gylyphanacis","Wilkesboro","United States"
"Zachary Knight Galphanacxs","Wilkesboro","United States"
"Zachary Knight Galianacis","Wilkesboro","United States"
"Zachary Knight Galafanyakis","Wilkesboro","United States"
"Zachary Knight Galipolis","Wilkesboro","United States"
"Zachary Knight Galfinakisa","Wilkesboro","United States"
"Zachary Knight Galaphenakos","Wilkesboro","United States"
"Zachary Knight Galfanackus","Wilkesboro","United States"
"Zachary Knight Gallafonakis","Wilkesboro","United States"
"Zachary Knight Gallafanickia","Wilkesboro","United States"
"Zachary Knight Galafnakiss","Wilkesboro","United States"
"Zachary Knight Garafolanakis","Wilkesboro","United States"
"Zachary Knight Gothnakis","Wilkesboro","United States"
"Zachary Knight Galifainkis","Wilkesboro","United States"
"Zachary Knight Gafnackis","Wilkesboro","United States"
"Zachary Knight Galofinkus","Wilkesboro","United States"
"Zachary Knight Gallifidakas","Wilkesboro","United States"
"Zachary Knight Giafanakis","Wilkesboro","United States"
"Zachary Knight Gaufinecas","Wilkesboro","United States"
"Zachary Knight Galafiniacks","Wilkesboro","United States"
"Zachary Knight Gelephanacas","Wilkesboro","United States"
"Zachary Knight Gafalnakis","Wilkesboro","United States"
"Zachary Knight Guffinackes","Wilkesboro","United States"
"Zachary Knight Gallefionackes","Wilkesboro","United States"
"Zachary Knight Galphynakis","Wilkesboro","United States"
"Zachary Knight Galofanacus","Wilkesboro","United States"
"Zachary Knight Galafano","Wilkesboro","United States"
"Zachary Knight Garafanacas","Wilkesboro","United States"
"Zachary Knight Gallifinakhis","Wilkesboro","United States"
"Zachary Knight Galefennakis","Wilkesboro","United States"
"Zachary Knight Galafinalkis","Wilkesboro","United States"
"Zachary Knight Galafikis","Wilkesboro","United States"
"Zachary Knight Gillienakis","Wilkesboro","United States"
"Zachary Knight Galafanackers","Wilkesboro","United States"
"Zachary Knight Galinefachis","Wilkesboro","United States"
"Zachary Knight Galifenakys","Wilkesboro","United States"
"Zachary Knight Gagallifanakis","Wilkesboro","United States"
"Zachary Knight Gallifinackys","Wilkesboro","United States"
"Zachary Knight Gyllefenakis","Wilkesboro","United States"
"Zachary Knight Galifianakies","Wilkesboro","United States"
"Zachary Knight Galfrenekis","Wilkesboro","United States"
"Zachary Knight Ganifiakis","Wilkesboro","United States"
"Zachary Knight Gallinakis","Wilkesboro","United States"
"Zachary Knight Galifranackas","Wilkesboro","United States"
"Zachary Knight Galofinecas","Wilkesboro","United States"
"Zachary Knight Gafinialakis","Wilkesboro","United States"
"Zachary Knight Gallafinakys","Wilkesboro","United States"
"Zachary Knight Gyalafanakis","Wilkesboro","United States"
"Zachary Knight Gadifinackis","Wilkesboro","United States"
"Zachary Knight Galiffenakis","Wilkesboro","United States"
"Zachary Knight Gsakofanakas","Wilkesboro","United States"
"Zachary Knight Galanikanafaa","Wilkesboro","United States"
"Zachary Knight Galifinayes","Wilkesboro","United States"
"Zachary Knight Galifantikas","Wilkesboro","United States"
"Zachary Knight Galiphrakis","Wilkesboro","United States"
"Zachary Knight Grafidakis","Wilkesboro","United States"
"Zachary Knight Galafiaknalis","Wilkesboro","United States"
"Zachary Knight Gallafakins","Wilkesboro","United States"
"Zachary Knight Galfedakos","Wilkesboro","United States"
"Zachary Knight Gallifinokus","Wilkesboro","United States"
"Zachary Knight Galafakris","Wilkesboro","United States"
"Zachary Knight Ganaflackis","Wilkesboro","United States"
"Zachary Knight Gallafnakys","Wilkesboro","United States"
"Zachary Knight Galinifacis","Wilkesboro","United States"
"Zachary Knight Galaphatis","Wilkesboro","United States"
"Zachary Knight Galphenkis","Wilkesboro","United States"
"Zachary Knight Galyphanackas","Wilkesboro","United States"
"Zachary Knight Gofenaukis","Wilkesboro","United States"
"Zachary Knight Galphenakous","Wilkesboro","United States"
"Zachary Knight Galiflanakas","Wilkesboro","United States"
"Zachary Knight Galifineskis","Wilkesboro","United States"
"Zachary Knight Galafanhanakis","Wilkesboro","United States"
"Zachary Knight Gaffankis","Wilkesboro","United States"
"Zachary Knight Gallifanikius","Wilkesboro","United States"
"Zachary Knight Galahatos","Wilkesboro","United States"
"Zachary Knight Galinkafos","Wilkesboro","United States"
"Zachary Knight Galfininakas","Wilkesboro","United States"
"Zachary Knight Galjfanakis","Wilkesboro","United States"
"Zachary Knight Galafinniackis","Wilkesboro","United States"
"Zachary Knight Glafianakis","Wilkesboro","United States"
"Zachary Knight Galfnathis","Wilkesboro","United States"
"Zachary Knight Gallifikanas","Wilkesboro","United States"
"Zachary Knight Galfanaquse","Wilkesboro","United States"
"Zachary Knight Gionakis","Wilkesboro","United States"
"Zachary Knight Gallafankas","Wilkesboro","United States"
"Zachary Knight Galafancis","Wilkesboro","United States"
"Zachary Knight Gallenfinakus","Wilkesboro","United States"
"Zachary Knight Galifynkis","Wilkesboro","United States"
"Zachary Knight Galfakanais","Wilkesboro","United States"
"Zachary Knight Galifinaksis","Wilkesboro","United States"
"Zachary Knight Galifacanis","Wilkesboro","United States"
"Zachary Knight Galfiniakes","Wilkesboro","United States"
"Zachary Knight Gfalinakis","Wilkesboro","United States"
"Zachary Knight Galifilikanis","Wilkesboro","United States"
"Zachary Knight Gallifeniakis","Wilkesboro","United States"
"Zachary Knight Galifaneicks","Wilkesboro","United States"
"Zachary Knight Galaniakis","Wilkesboro","United States"
"Zachary Knight Gailifinakis","Wilkesboro","United States"
"Zachary Knight Gathenackis","Wilkesboro","United States"
"Zachary Knight Giannifakis","Wilkesboro","United States"
"Zachary Knight Gallefianackis","Wilkesboro","United States"
"Zachary Knight Gallfinazachs","Wilkesboro","United States"
"Zachary Knight Galifanachis","Wilkesboro","United States"
"Zachary Knight Galfadckus","Wilkesboro","United States"
"Zachary Knight Ghalifnakis","Wilkesboro","United States"
"Zachary Knight Galifreidis","Wilkesboro","United States"
"Zachary Knight Galificieanas","Wilkesboro","United States"
"Zachary Knight Galiafis","Wilkesboro","United States"
"Zachary Knight Galliakanis","Wilkesboro","United States"
"Zachary Knight Galafanackass","Wilkesboro","United States"
"Zachary Knight Gaelifinikis","Wilkesboro","United States"
"Zachary Knight Gianfinnakis","Wilkesboro","United States"
"Zachary Knight Galafiagus","Wilkesboro","United States"
"Zachary Knight Gallafoukis","Wilkesboro","United States"
"Zachary Knight Galifranackis","Wilkesboro","United States"
"Zachary Knight Galifancy","Wilkesboro","United States"
"Zachary Knight Gillefinacus","Wilkesboro","United States"
"Zachary Knight Gallphanackis","Wilkesboro","United States"
"Zachary Knight Golfnakis","Wilkesboro","United States"
"Zachary Knight Galafedkis","Wilkesboro","United States"
"Zachary Knight Galifanakias","Wilkesboro","United States"
"Zachary Knight Galafanakaus","Wilkesboro","United States"
"Zachary Knight Gallifris","Wilkesboro","United States"
"Zachary Knight Gallengakis","Wilkesboro","United States"
"Zachary Knight Galafnifiks","Wilkesboro","United States"
"Zachary Knight Gallafinacas","Wilkesboro","United States"
"Zachary Knight Galifonatkis","Wilkesboro","United States"
"Zachary Knight Galakinakes","Wilkesboro","United States"
"Zachary Knight Galakinakas","Wilkesboro","United States"
"Zachary Knight Gallefrenakis","Wilkesboro","United States"
"Zachary Knight Galthenakis","Wilkesboro","United States"
"Zachary Knight Galyfinachis","Wilkesboro","United States"
"Zachary Knight Gallifakiakis","Wilkesboro","United States"
"Zachary Knight Gafinekes","Wilkesboro","United States"
"Zachary Knight Gallifinacs","Wilkesboro","United States"
"Zachary Knight Galifiacus","Wilkesboro","United States"
"Zachary Knight Glaughlinakis","Wilkesboro","United States"
"Zachary Knight Gilfanaikis","Wilkesboro","United States"
"Zachary Knight Galifianais","Wilkesboro","United States"
"Zachary Knight Gafalinkas","Wilkesboro","United States"
"Zachary Knight Galifancatss","Wilkesboro","United States"
"Zachary Knight Gathernacis","Wilkesboro","United States"
"Zachary Knight Gallafnakis","Wilkesboro","United States"
"Zachary Knight Galafinakilas","Wilkesboro","United States"
"Zachary Knight Galiphyanakis","Wilkesboro","United States"
"Zachary Knight Gahlyfanakus","Wilkesboro","United States"
"Zachary Knight Galfanakhis","Wilkesboro","United States"
"Zachary Knight Geofinnakus","Wilkesboro","United States"
"Zachary Knight Galifranikis","Wilkesboro","United States"
"Zachary Knight Galifanakious","Wilkesboro","United States"
"Zachary Knight Galinafakous","Wilkesboro","United States"
"Zachary Knight Galafonikis","Wilkesboro","United States"
"Zachary Knight Ghalifinacis","Wilkesboro","United States"
"Zachary Knight Galphanakas","Wilkesboro","United States"
"Zachary Knight Galfadaekis","Wilkesboro","United States"
"Zachary Knight Galfanaskis","Wilkesboro","United States"
"Zachary Knight Galifiacis","Wilkesboro","United States"
"Zachary Knight Galifunackis","Wilkesboro","United States"
"Zachary Knight Galegzenakis","Wilkesboro","United States"
"Zachary Knight Galafragas","Wilkesboro","United States"
"Zachary Knight Galahfunackis","Wilkesboro","United States"
"Zachary Knight Galifekis","Wilkesboro","United States"
"Zachary Knight Gallafanakalis","Wilkesboro","United States"
"Zachary Knight Galphankis","Wilkesboro","United States"
"Zachary Knight Gelefinakis","Wilkesboro","United States"
"Zachary Knight Galfnackas","Wilkesboro","United States"
"Zachary Knight Gafanakois","Wilkesboro","United States"
"Zachary Knight Galipinakis","Wilkesboro","United States"
"Zachary Knight Galifian","Wilkesboro","United States"
"Zachary Knight Galifinakkos","Wilkesboro","United States"
"Zachary Knight Goliathanakis","Wilkesboro","United States"
"Zachary Knight Gallyfanakeus","Wilkesboro","United States"
"Zachary Knight Galificanacis","Wilkesboro","United States"
"Zachary Knight Gallifanykos","Wilkesboro","United States"
"Zachary Knight Galanfinakis","Wilkesboro","United States"
"Zachary Knight Gialafinakis","Wilkesboro","United States"
"Zachary Knight Galiphenakes","Wilkesboro","United States"
"Zachary Knight Gallifrinackis","Wilkesboro","United States"
"Zachary Knight Galephinkas","Wilkesboro","United States"
"Zachary Knight Galofarnakias","Wilkesboro","United States"
"Zachary Knight Galafonaks","Wilkesboro","United States"
"Zachary Knight Gilifinnakis","Wilkesboro","United States"
"Zachary Knight Galyphnacus","Wilkesboro","United States"
"Zachary Knight Gelifanakis","Wilkesboro","United States"
"Zachary Knight Galafakys","Wilkesboro","United States"
"Zachary Knight Galaphenacus","Wilkesboro","United States"
"Zachary Knight Galifilackalis","Wilkesboro","United States"
"Zachary Knight Galifiganous","Wilkesboro","United States"
"Zachary Knight Galvounakis","Wilkesboro","United States"
"Zachary Knight Gandalfkis","Wilkesboro","United States"
"Zachary Knight Galafakhanis","Wilkesboro","United States"
"Zachary Knight Galaphnaikos","Wilkesboro","United States"
"Zachary Knight Galafanicks","Wilkesboro","United States"
"Zachary Knight Galifankia","Wilkesboro","United States"
"Zachary Knight Galafakakis","Wilkesboro","United States"
"Zachary Knight Gallifaanacis","Wilkesboro","United States"
"Zachary Knight Galfunnacis","Wilkesboro","United States"
"Zachary Knight Gallifanakyis","Wilkesboro","United States"
"Zachary Knight Galiphiniakis","Wilkesboro","United States"
"Zachary Knight Galifinactis","Wilkesboro","United States"
"Zachary Knight Gallefreakis","Wilkesboro","United States"
"Zachary Knight Gallifiknakis","Wilkesboro","United States"
"Zachary Knight Giafinalkis","Wilkesboro","United States"
"Zachary Knight Galafaanakis","Wilkesboro","United States"
"Shia Saide Laboeuf","Los Angeles","United States"
"Shia Saide Leboeuf","Los Angeles","United States"
"Shia Saide Lebouff","Los Angeles","United States"
"Shia Saide Lebeauf","Los Angeles","United States"
"Shia Saide Labeuof","Los Angeles","United States"
"Shia Saide Lebaouf","Los Angeles","United States"
"Shia Saide Labeaf","Los Angeles","United States"
"Shia Saide Labove","Los Angeles","United States"
"Shia Saide Lebiouf","Los Angeles","United States"
"Shia Saide Labouif","Los Angeles","United States"
"Shia Saide Lbouf","Los Angeles","United States"
"Shia Saide Laboueuf","Los Angeles","United States"
"Shia Saide Laboif","Los Angeles","United States"
"Shia Saide Laboth","Los Angeles","United States"
"Shia Saide Labeuaf","Los Angeles","United States"
"Shia Saide Labef","Los Angeles","United States"
"Shia Saide Laboffe","Los Angeles","United States"
"Shia Saide Labeoug","Los Angeles","United States"
"Shia Saide Leaboufe","Los Angeles","United States"
"Shia Saide Labouve","Los Angeles","United States"
"Shia Saide Labeif","Los Angeles","United States"
"Shia Saide Lebeouffe","Los Angeles","United States"
"Shia Saide Leaubouf","Los Angeles","United States"
"Shia Saide Labaef","Los Angeles","United States"
"Shia Saide Labeaoff","Los Angeles","United States"
"Shia Saide Labuof","Los Angeles","United States"
"Shia Saide Labouh","Los Angeles","United States"
"Shia Saide Lauboof","Los Angeles","United States"
"Shia Saide Lebeiuf","Los Angeles","United States"
"Shia Saide Labathf","Los Angeles","United States"
"Shia Saide Lobof","Los Angeles","United States"
"Shia Saide Lablouf","Los Angeles","United States"
"Shia Saide Libeof","Los Angeles","United States"
"Shia Saide Labelwolf","Los Angeles","United States"
"Shia Saide Laboab","Los Angeles","United States"
"Shia Saide Labeut","Los Angeles","United States"
"Shia Saide Liaboeuf","Los Angeles","United States"
"Shia Saide Labbouffe","Los Angeles","United States"
"Shia Saide Labuaff","Los Angeles","United States"
"Shia Saide Laebeouf","Los Angeles","United States"
"Shia Saide Lebeouaf","Los Angeles","United States"
"Shia Saide Leboeoff","Los Angeles","United States"
"Shia Saide Leboluf","Los Angeles","United States"
"Shia Saide Labouhj","Los Angeles","United States"
"Shia Saide Labheouf","Los Angeles","United States"
"Shia Saide Lebowf","Los Angeles","United States"
"Shia Saide Lebeoif","Los Angeles","United States"
"Shia Saide Lablufh","Los Angeles","United States"
"Shia Saide Lbeoulf","Los Angeles","United States"
"Shia Saide Laubouff","Los Angeles","United States"
"Shia Saide Labelouth","Los Angeles","United States"
"Shia Saide Lebbeouf","Los Angeles","United States"
"Shia Saide Lauboeuf","Los Angeles","United States"
"Shia Saide Lebeouph","Los Angeles","United States"
"Maccauley Carson Culkin","New York","United States"
"Mckauley Carson Culkin","New York","United States"
"Mackauly Carson Culkin","New York","United States"
"Mackoley Carson Culkin","New York","United States"
"Makaley Carson Culkin","New York","United States"
"Macualey Carson Culkin","New York","United States"
"Macculey Carson Culkin","New York","United States"
"Machauly Carson Culkin","New York","United States"
"Macali Carson Culkin","New York","United States"
"Maccaully Carson Culkin","New York","United States"
"Makaly Carson Culkin","New York","United States"
"Mculey Carson Culkin","New York","United States"
"Mcaullin Carson Culkin","New York","United States"
"Mccalay Carson Culkin","New York","United States"
"Mcaulie Carson Culkin","New York","United States"
"Makulley Carson Culkin","New York","United States"
"Mackaluey Carson Culkin","New York","United States"
"Makalley Carson Culkin","New York","United States"
"Mukuly Carson Culkin","New York","United States"
"Maccaluey Carson Culkin","New York","United States"
"Muckuley Carson Culkin","New York","United States"
"Maucauly Carson Culkin","New York","United States"
"Mckauli Carson Culkin","New York","United States"
"Mcallen Carson Culkin","New York","United States"
"Maculcin Carson Culkin","New York","United States"
"Malaukay Carson Culkin","New York","United States"
"Mucolley Carson Culkin","New York","United States"
"Mickauly Carson Culkin","New York","United States"
"Mulcaly Carson Culkin","New York","United States"
"Mackouli Carson Culkin","New York","United States"
"Macaulry Carson Culkin","New York","United States"
"Muckulay Carson Culkin","New York","United States"
"Mcaulyn Carson Culkin","New York","United States"
"Mccallie Carson Culkin","New York","United States"
"Mcalhey Carson Culkin","New York","United States"
"Makala Carson Culkin","New York","United States"
"Mikaulay Carson Culkin","New York","United States"
"Macullen Carson Culkin","New York","United States"
"Mccauleu Carson Culkin","New York","United States"
"Mcaullie Carson Culkin","New York","United States"
"Mchaulin Carson Culkin","New York","United States"
"Mickaley Carson Culkin","New York","United States"
"Macculin Carson Culkin","New York","United States"
"Macahlley Carson Culkin","New York","United States"
"Miculy Carson Culkin","New York","United States"
"Macholley Carson Culkin","New York","United States"
"Mckolly Carson Culkin","New York","United States"
"Mcoulin Carson Culkin","New York","United States"
"Makaulkin Carson Culkin","New York","United States"
"Mickauli Carson Culkin","New York","United States"
"Mikaulin Carson Culkin","New York","United States"
"Mecauly Carson Culkin","New York","United States"
"Mccalin Carson Culkin","New York","United States"
"Mockoley Carson Culkin","New York","United States"
"Micaughly Carson Culkin","New York","United States"
"Mkhala Carson Culkin","New York","United States"
"Mccouleyu Carson Culkin","New York","United States"
"Mckaulaney Carson Culkin","New York","United States"
"Mahcully Carson Culkin","New York","United States"
"Michully Carson Culkin","New York","United States"
"Mckaunley Carson Culkin","New York","United States"
"Macgoney Carson Culkin","New York","United States"
"Macalnay Carson Culkin","New York","United States"
"Mccaulhy Carson Culkin","New York","United States"
"Machoulay Carson Culkin","New York","United States"
"Makalin Carson Culkin","New York","United States"
"Maulkay Carson Culkin","New York","United States"
"Maukley Carson Culkin","New York","United States"
"Mculin Carson Culkin","New York","United States"
"Muculey Carson Culkin","New York","United States"
"Macwlin Carson Culkin","New York","United States"
"Malakuy Carson Culkin","New York","United States"
"Macaulikin Carson Culkin","New York","United States"
"Macaugley Carson Culkin","New York","United States"
"Macuhly Carson Culkin","New York","United States"
"Malcoly Carson Culkin","New York","United States"
"Maccaulney Carson Culkin","New York","United States"
"Makalia Carson Culkin","New York","United States"
"Mccalaui Carson Culkin","New York","United States"
"Maculehy Carson Culkin","New York","United States"
"Maccali Carson Culkin","New York","United States"
"Macghauley Carson Culkin","New York","United States"
"Macalely Carson Culkin","New York","United States"
"Macly Carson Culkin","New York","United States"
"Mikaely Carson Culkin","New York","United States"
"Mackorny Carson Culkin","New York","United States"
"Mahcaley Carson Culkin","New York","United States"
"Mockley Carson Culkin","New York","United States"
"Macaueley Carson Culkin","New York","United States"
"Maculckey Carson Culkin","New York","United States"
"Macalyui Carson Culkin","New York","United States"
"Macullary Carson Culkin","New York","United States"
"Mcculny Carson Culkin","New York","United States"
"Macouleih Carson Culkin","New York","United States"
"Macauleyk Carson Culkin","New York","United States"
"Mculeay Carson Culkin","New York","United States"
"Macaughleh Carson Culkin","New York","United States"
"Mackcaulin Carson Culkin","New York","United States"
"Mcaouly Carson Culkin","New York","United States"
"Mackaucul Carson Culkin","New York","United States"
"Mackulaly Carson Culkin","New York","United States"
"Maqualey Carson Culkin","New York","United States"
"Mecaly Carson Culkin","New York","United States"
"Mycali Carson Culkin","New York","United States"
"Mccley Carson Culkin","New York","United States"
"Macaualey Carson Culkin","New York","United States"
"Mackullen Carson Culkin","New York","United States"
"Michaulley Carson Culkin","New York","United States"
"Macaulean Carson Culkin","New York","United States"
"Malculin Carson Culkin","New York","United States"
"Maccaulogh Carson Culkin","New York","United States"
"Maukoley Carson Culkin","New York","United States"
"Maccaulie Carson Culkin","New York","United States"
"Macallauy Carson Culkin","New York","United States"
"Mcaulegh Carson Culkin","New York","United States"
"Maculyn Carson Culkin","New York","United States"
"Mccaulely Carson Culkin","New York","United States"
"Maccuney Carson Culkin","New York","United States"
"Malcaulik Carson Culkin","New York","United States"
"Mckulie Carson Culkin","New York","United States"
"Mckulkay Carson Culkin","New York","United States"
"Malcouly Carson Culkin","New York","United States"
"Mccaughlay Carson Culkin","New York","United States"
"Maccalau Carson Culkin","New York","United States"
"Michaly Carson Culkin","New York","United States"
"Mulculey Carson Culkin","New York","United States"
"Mackawley Carson Culkin","New York","United States"
"Macaulaey Carson Culkin","New York","United States"
"Macaulingh Carson Culkin","New York","United States"
"Mulcully Carson Culkin","New York","United States"
"Macdaddy Carson Culkin","New York","United States"
"Mculkay Carson Culkin","New York","United States"
"Mandalay Carson Culkin","New York","United States"
"Makylyy Carson Culkin","New York","United States"
"Makule Carson Culkin","New York","United States"
"Makkalley Carson Culkin","New York","United States"
"Macallick Carson Culkin","New York","United States"
"Macauluey Carson Culkin","New York","United States"
"Mauckaly Carson Culkin","New York","United States"
"Mcckully Carson Culkin","New York","United States"
"Mulcullay Carson Culkin","New York","United States"
"Macaucklin Carson Culkin","New York","United States"
"Matthew Mcconnaghy","Uvalde","United States"
"Matthew Mccaunahey","Uvalde","United States"
"Matthew Mccoughnehey","Uvalde","United States"
"Matthew Mcconahuey","Uvalde","United States"
"Matthew Mcconaghue","Uvalde","United States"
"Matthew Mcaunahey","Uvalde","United States"
"Matthew Mcconauhay","Uvalde","United States"
"Matthew Mcconnahy","Uvalde","United States"
"Matthew Maconoughey","Uvalde","United States"
"Matthew Mconaghy","Uvalde","United States"
"Matthew Macanaughey","Uvalde","United States"
"Matthew Mconohay","Uvalde","United States"
"Matthew Maccaunaghey","Uvalde","United States"
"Matthew Mcconagh","Uvalde","United States"
"Matthew Mcconnaghuey","Uvalde","United States"
"Matthew Maconnaughey","Uvalde","United States"
"Matthew Maconaughy","Uvalde","United States"
"Matthew Mccouneghey","Uvalde","United States"
"Matthew Mccoughnay","Uvalde","United States"
"Matthew Mccounehey","Uvalde","United States"
"Matthew Mcconohaugh","Uvalde","United States"
"Matthew Mccoughnhey","Uvalde","United States"
"Matthew Mccognahey","Uvalde","United States"
"Matthew Maconnaughy","Uvalde","United States"
"Matthew Mccaughaney","Uvalde","United States"
"Matthew Mconnohey","Uvalde","United States"
"Matthew Mconnehay","Uvalde","United States"
"Matthew Mcconnachy","Uvalde","United States"
"Matthew Mcconughey","Uvalde","United States"
"Matthew Macanaughy","Uvalde","United States"
"Matthew Mconoughy","Uvalde","United States"
"Matthew Mcconnoghay","Uvalde","United States"
"Matthew Mcgonagey","Uvalde","United States"
"Matthew Mcconagy","Uvalde","United States"
"Matthew Mcgonahay","Uvalde","United States"
"Matthew Maconeghy","Uvalde","United States"
"Matthew Machanahey","Uvalde","United States"
"Matthew Mcconaheagh","Uvalde","United States"
"Matthew Maccaunahey","Uvalde","United States"
"Matthew Mccanoughey","Uvalde","United States"
"Matthew Mcaughnhey","Uvalde","United States"
"Matthew Mccaunachey","Uvalde","United States"
"Matthew Mconnaughay","Uvalde","United States"
"Matthew Mcconnehaugh","Uvalde","United States"
"Matthew Mcauneghey","Uvalde","United States"
"Matthew Mcdonahey","Uvalde","United States"
"Matthew Mcgounahey","Uvalde","United States"
"Matthew Mcconnley","Uvalde","United States"
"Matthew Mcanaghy","Uvalde","United States"
"Matthew Mcconelly","Uvalde","United States"
"Matthew Mconnaghuey","Uvalde","United States"
"Matthew Mcconnauhay","Uvalde","United States"
"Matthew Mcconuhey","Uvalde","United States"
"Matthew Mccanaughay","Uvalde","United States"
"Matthew Maconaughay","Uvalde","United States"
"Matthew Mccounough","Uvalde","United States"
"Matthew Mackonnahey","Uvalde","United States"
"Matthew Mconnahuey","Uvalde","United States"
"Matthew Mcconegey","Uvalde","United States"
"Matthew Mcconaeigh","Uvalde","United States"
"Matthew Mcconnorhay","Uvalde","United States"
"Matthew Mccaunaugh","Uvalde","United States"
"Matthew Mccaughanehy","Uvalde","United States"
"Matthew Mchaunehey","Uvalde","United States"
"Matthew Mcconeaugh","Uvalde","United States"
"Matthew Mccgonahey","Uvalde","United States"
"Matthew Mccohnohey","Uvalde","United States"
"Matthew Mcconghuey","Uvalde","United States"
"Matthew Mcconnay","Uvalde","United States"
"Matthew Mcconahugy","Uvalde","United States"
"Matthew Mcconnahuegh","Uvalde","United States"
"Matthew Mcconaughery","Uvalde","United States"
"Matthew Mccaunoghy","Uvalde","United States"
"Matthew Mcconaughee","Uvalde","United States"
"Matthew Mccounnahey","Uvalde","United States"
"Matthew Mcchonagey","Uvalde","United States"
"Matthew Mcchonehey","Uvalde","United States"
"Matthew Mcconnoughty","Uvalde","United States"
"Matthew Mcconughay","Uvalde","United States"
"Matthew Mcconhegy","Uvalde","United States"
"Matthew Mcgonaughe","Uvalde","United States"
"Matthew Mccaunnaughey","Uvalde","United States"
"Matthew Mcconerhay","Uvalde","United States"
"Matthew Mccauney","Uvalde","United States"
"Matthew Machonnahey","Uvalde","United States"
"Matthew Macaunagey","Uvalde","United States"
"Matthew Mcconnagy","Uvalde","United States"
"Matthew Mcconohuey","Uvalde","United States"
"Matthew Macconnehey","Uvalde","United States"
"Matthew Mcgonnagay","Uvalde","United States"
"Matthew Macanauhey","Uvalde","United States"
"Matthew Mcconnakhy","Uvalde","United States"
"Matthew Mcgonahue","Uvalde","United States"
"Matthew Mccohnehey","Uvalde","United States"
"Matthew Mcconaghah","Uvalde","United States"
"Matthew Mcconnohaugh","Uvalde","United States"
"Matthew Mccaugh","Uvalde","United States"
"Matthew Macunahey","Uvalde","United States"
"Matthew Mcconeighy","Uvalde","United States"
"Matthew Mchaugheney","Uvalde","United States"
"Matthew Mcconnughey","Uvalde","United States"
"Matthew Mcaunahy","Uvalde","United States"
"Matthew Mchaugney","Uvalde","United States"
"Matthew Mconneaghey","Uvalde","United States"
"Matthew Macoughahey","Uvalde","United States"
"Matthew Mcconohegh","Uvalde","United States"
"Matthew Mahonnahey","Uvalde","United States"
"Matthew Mcaunagheu","Uvalde","United States"
"Matthew Mcchounaghy","Uvalde","United States"
"Matthew Mconougheh","Uvalde","United States"
"Matthew Mccaunhy","Uvalde","United States"
"Matthew Mcconnarey","Uvalde","United States"
"Matthew Mccognauhey","Uvalde","United States"
"Matthew Mcconaghyeu","Uvalde","United States"
"Matthew Mcconnegy","Uvalde","United States"
"Matthew Mchonegey","Uvalde","United States"
"Matthew Mccounay","Uvalde","United States"
"Matthew Mccounachhey","Uvalde","United States"
"Matthew Mcconahaghy","Uvalde","United States"
"Matthew Mchounnaghy","Uvalde","United States"
"Matthew Mccoughnany","Uvalde","United States"
"Matthew Mccoughnethy","Uvalde","United States"
"Matthew Mccogoney","Uvalde","United States"
"Matthew Macaunaghay","Uvalde","United States"
"Matthew Macgonaugjey","Uvalde","United States"
"Matthew Mccaunely","Uvalde","United States"
"Matthew Mcchaunihay","Uvalde","United States"
"Matthew Mcgougnay","Uvalde","United States"
"Matthew Mccougnehy","Uvalde","United States"
"Matthew Mcconanagheh","Uvalde","United States"
"Matthew Mcaugheney","Uvalde","United States"
"Matthew Mcconaghueu","Uvalde","United States"
"Matthew Macounageh","Uvalde","United States"
"Matthew Mcoughnery","Uvalde","United States"
"Matthew Machonghey","Uvalde","United States"
"Matthew Mchonnerhey","Uvalde","United States"
"Matthew Mckonahea","Uvalde","United States"
"Matthew Mccougheghy","Uvalde","United States"
"Matthew Macoughehy","Uvalde","United States"
"Matthew Mcconnauhegh","Uvalde","United States"
"Matthew Mccanaughes","Uvalde","United States"
"Matthew Mcconagahey","Uvalde","United States"
"Matthew Mcconnehaughy","Uvalde","United States"
"Matthew Mcconnechay","Uvalde","United States"
"Matthew Macconohe","Uvalde","United States"
"Matthew Maconyhay","Uvalde","United States"
"Matthew Mcconahugey","Uvalde","United States"
"Matthew Maconahi","Uvalde","United States"
"Matthew Mcanahaugney","Uvalde","United States"
"Matthew Macconaghouey","Uvalde","United States"
"Matthew Macconahuye","Uvalde","United States"
"Matthew Mcconuoughe","Uvalde","United States"
"Matthew Mcconnauheig","Uvalde","United States"
"Matthew Mccounaghan","Uvalde","United States"
"Matthew Mconnerhay","Uvalde","United States"
"Matthew Machonagy","Uvalde","United States"
"Matthew Mcconaughan","Uvalde","United States"
"Matthew Mchauahey","Uvalde","United States"
"Matthew Mccaughehay","Uvalde","United States"
"Matthew Mccoughnaghay","Uvalde","United States"
"Matthew Macconouah","Uvalde","United States"
"Matthew Mconcahey","Uvalde","United States"
"Matthew Makonahy","Uvalde","United States"
"Matthew Mcconethy","Uvalde","United States"
"Matthew Magonahe","Uvalde","United States"
"Matthew Mcanughay","Uvalde","United States"
"Matthew Mcconnehe","Uvalde","United States"
"Matthew Maconahew","Uvalde","United States"
"Matthew Mconney","Uvalde","United States"
"Matthew Mcganahew","Uvalde","United States"
"Matthew Mcconagheue","Uvalde","United States"
"Matthew Maconogey","Uvalde","United States"
"Matthew Macmauney","Uvalde","United States"
"Matthew Mcgonahaugh","Uvalde","United States"
"Matthew Mchaungey","Uvalde","United States"
"Matthew Mccohehey","Uvalde","United States"
"Matthew Maconahuegy","Uvalde","United States"
"Matthew Mcaunhaugay","Uvalde","United States"
"Matthew Mconaheey","Uvalde","United States"
"Matthew Mconagew","Uvalde","United States"
"Matthew Machauney","Uvalde","United States"
"Matthew Mcounoughay","Uvalde","United States"
"Matthew Macconneugh","Uvalde","United States"
"Matthew Mcconegugh","Uvalde","United States"
"Matthew Mocanahey","Uvalde","United States"
"Matthew Mccoughnoghey","Uvalde","United States"
"Matthew Mcconugheh","Uvalde","United States"
"Matthew Mccoanghue","Uvalde","United States"
"Matthew Maconufay","Uvalde","United States"
"Matthew Mccoghnauey","Uvalde","United States"
"Matthew Mcconea","Uvalde","United States"
"Matthew Mccaunghney","Uvalde","United States"
"Matthew Mcconnahuay","Uvalde","United States"
"Matthew Mckonakhew","Uvalde","United States"
"Matthew Mccaunaghuey","Uvalde","United States"
"Matthew Macgunahey","Uvalde","United States"
"Matthew Mcconaugheye","Uvalde","United States"
"Matthew Macconnahhey","Uvalde","United States"
"Matthew Mconnageuy","Uvalde","United States"
"Matthew Maccohaugney","Uvalde","United States"
"Matthew Mconnaguhe","Uvalde","United States"
"Matthew Mconaugeh","Uvalde","United States"
"Matthew Maccohenaughy","Uvalde","United States"
"Matthew Macgonohey","Uvalde","United States"
"Matthew Mcconahiuw","Uvalde","United States"
"Matthew Mconihay","Uvalde","United States"
"Matthew Macgonhey","Uvalde","United States"
"Matthew Mcconaue","Uvalde","United States"
"Matthew Mcconegy","Uvalde","United States"
"Matthew Mchonnaghey","Uvalde","United States"
"Matthew Mcconahegue","Uvalde","United States"
"Matthew Mcdonoghue","Uvalde","United States"
"Matthew Maconauwey","Uvalde","United States"
"Matthew Mcconneyhay","Uvalde","United States"
"Matthew Mcdoneughy","Uvalde","United States"
"Matthew Mccoughna","Uvalde","United States"
"Matthew Mcconnuhaugh","Uvalde","United States"
"Matthew Macanaughan","Uvalde","United States"
"Matthew Maconahue","Uvalde","United States"
"Matthew Mcconnohghey","Uvalde","United States"
"Matthew Mcanamcanaughey","Uvalde","United States"
"Matthew Mccanughae","Uvalde","United States"
"Matthew Macganaughy","Uvalde","United States"
"Matthew Mcconnaeugh","Uvalde","United States"
"Matthew Maccougheney","Uvalde","United States"
"Matthew Macconahugh","Uvalde","United States"
"Matthew Mcanauhey","Uvalde","United States"
"Matthew Mccihangey","Uvalde","United States"
"Matthew Mcgougney","Uvalde","United States"
"Matthew Mcconaughye","Uvalde","United States"
"Matthew Mccanaughah","Uvalde","United States"
"Matthew Mccounaghain","Uvalde","United States"
"Matthew Mcconauchy","Uvalde","United States"
"Matthew Mcanuhey","Uvalde","United States"
"Matthew Mcnoughety","Uvalde","United States"
"Matthew Mchanaheeey","Uvalde","United States"
"Matthew Mcconnerhey","Uvalde","United States"
"Matthew Mcconnray","Uvalde","United States"
"Matthew Mcgohaney","Uvalde","United States"
"Matthew Macconley","Uvalde","United States"
"Matthew Mcgonnahhey","Uvalde","United States"
"Matthew Mconaguwe","Uvalde","United States"
"Matthew Macahnaghey","Uvalde","United States"
"Matthew Mcconnohead","Uvalde","United States"
"Matthew Mcconnochie","Uvalde","United States"
"Matthew Mcconneguhey","Uvalde","United States"
"Matthew Mcconohea","Uvalde","United States"
"Matthew Mcconaugeh","Uvalde","United States"
"Matthew Mcgurnaghy","Uvalde","United States"
"Matthew Mcconolouge","Uvalde","United States"
"Matthew Macaughny","Uvalde","United States"
"Matthew Mcaughenay","Uvalde","United States"
"Matthew Maccognagy","Uvalde","United States"
"Matthew Mcdonoughy","Uvalde","United States"
"Matthew Mccoughne","Uvalde","United States"
"Matthew Mcgonnachy","Uvalde","United States"
"Matthew Macconouhey","Uvalde","United States"
"Matthew Meconahey","Uvalde","United States"
"Matthew Mccaugnaghy","Uvalde","United States"
"Matthew Maconaughe","Uvalde","United States"
"Matthew Mcgaunaughey","Uvalde","United States"
"Matthew Mcconegeih","Uvalde","United States"
"Matthew Macconoughew","Uvalde","United States"
"Matthew Mcgonagh","Uvalde","United States"
"Matthew Mcconanahy","Uvalde","United States"
"Matthew Makonahay","Uvalde","United States"
"Matthew Macconnaugh","Uvalde","United States"
"Matthew Maconerhay","Uvalde","United States"
"Matthew Mcconnaghuy","Uvalde","United States"
"Matthew Mccaungh","Uvalde","United States"
"Matthew Mcnacney","Uvalde","United States"
"Matthew Mccoaghnehay","Uvalde","United States"
"Matthew Mchaunagey","Uvalde","United States"
"Matthew Mccounuhay","Uvalde","United States"
"Matthew Mcoughey","Uvalde","United States"
"Matthew Mchonahagh","Uvalde","United States"
"Matthew Mccanaheuh","Uvalde","United States"
"Matthew Mccnaugheh","Uvalde","United States"
"Matthew Mcgonaheuey","Uvalde","United States"
"Matthew Mcgounuhey","Uvalde","United States"
"Matthew Mcaughhay","Uvalde","United States"
"Matthew Mccauhne","Uvalde","United States"
"Matthew Mconegey","Uvalde","United States"
"Matthew Maccohaughney","Uvalde","United States"
"Matthew Mcconey","Uvalde","United States"
"Matthew Mconaughaug","Uvalde","United States"
"Matthew Mcconneghuey","Uvalde","United States"
"Matthew Mconeghay","Uvalde","United States"
"Matthew Mconneguey","Uvalde","United States"
"Matthew Maccgounaghy","Uvalde","United States"
"Matthew Mccanahaie","Uvalde","United States"
"Matthew Mccoughanet","Uvalde","United States"
"Matthew Mccounghouy","Uvalde","United States"
"Matthew Mccoughnty","Uvalde","United States"
"Matthew Mccawnaughey","Uvalde","United States"
"Matthew Mcconaray","Uvalde","United States"
"Matthew Mcawnahay","Uvalde","United States"
"Matthew Mccaughnihey","Uvalde","United States"
"Matthew Macconacghey","Uvalde","United States"
"Matthew Mchonnaney","Uvalde","United States"
"Matthew Mcconnaheh","Uvalde","United States"
"Matthew Mcgonohay","Uvalde","United States"
"Nicki Manag","Saint James","Trinidad and Tobago"
"Nicki Minach","Saint James","Trinidad and Tobago"
"Nicki Minajai","Saint James","Trinidad and Tobago"
"Nicki Mana","Saint James","Trinidad and Tobago"
"Nicki Manahj","Saint James","Trinidad and Tobago"
"Nicki Mijah","Saint James","Trinidad and Tobago"
"Nicki Minajz","Saint James","Trinidad and Tobago"
"Nicki Mintai","Saint James","Trinidad and Tobago"
"Nicki Manej","Saint James","Trinidad and Tobago"
"Nicki Menadj","Saint James","Trinidad and Tobago"
"Nicki Minaej","Saint James","Trinidad and Tobago"
"Nicki Minaiz","Saint James","Trinidad and Tobago"
"Nicki Minnai","Saint James","Trinidad and Tobago"
"Nicki Maanaj","Saint James","Trinidad and Tobago"
"Alanis Morsett","Ottawa","Canada"
"Alanis Morisat","Ottawa","Canada"
"Alanis Maurisette","Ottawa","Canada"
"Alanis Morsiette","Ottawa","Canada"
"Alanis Morisetti","Ottawa","Canada"
"Alanis Moreisette","Ottawa","Canada"
"Alanis Moisette","Ottawa","Canada"
"Alanis Morisettes","Ottawa","Canada"
"Alanis Morryset","Ottawa","Canada"
"Alanis Morraseth","Ottawa","Canada"
"Alanis Mottisette","Ottawa","Canada"
"Alanis Morricette","Ottawa","Canada"
"Alanis Mourriset","Ottawa","Canada"
"Alanis Morisetye","Ottawa","Canada"
"Alanis Morrisetr","Ottawa","Canada"
"Alanis Morrest","Ottawa","Canada"
"Alanis Morisbet","Ottawa","Canada"
"Alanis Morrissets","Ottawa","Canada"
"Alanis Morrinett","Ottawa","Canada"
"Alanis Morinesette","Ottawa","Canada"
"Alanis Morrasat","Ottawa","Canada"
"Alanis Morrisse","Ottawa","Canada"
"Alanis Morsait","Ottawa","Canada"
"Alanis Mawricette","Ottawa","Canada"
"Alanis Morrisonette","Ottawa","Canada"
"Alanis Morsel","Ottawa","Canada"
"Alanis Morrisethe","Ottawa","Canada"
"Alanis Morrissitte","Ottawa","Canada"
"Alanis Mourrissette","Ottawa","Canada"
"Alanis Moressit","Ottawa","Canada"
"Alanis Morsea","Ottawa","Canada"
"Alanis Morsetee","Ottawa","Canada"
"Alanis Morrisatte","Ottawa","Canada"
"Alanis Morisay","Ottawa","Canada"
"Alanis Moiraset","Ottawa","Canada"
"Alanis Morisetete","Ottawa","Canada"
"Alanis Morrseite","Ottawa","Canada"
"Alanis Morreisiette","Ottawa","Canada"
"Alanis Morissettemo","Ottawa","Canada"
"Amy Polar","Newton","United States"
"Amy Poelher","Newton","United States"
"Amy Pouler","Newton","United States"
"Amy Powler","Newton","United States"
"Amy Poelar","Newton","United States"
"Amy Poehlee","Newton","United States"
"Amy Poelner","Newton","United States"
"Amy Poughler","Newton","United States"
"Amy Poehlor","Newton","United States"
"Amy Poleher","Newton","United States"
"Amy Pueler","Newton","United States"
"Amy Poellar","Newton","United States"
"Amy Poel","Newton","United States"
"Amy Poher","Newton","United States"
"Amy Poelter","Newton","United States"
"Amy Phuler","Newton","United States"
"Amy Pahler","Newton","United States"
"Amy Phoebler","Newton","United States"
"Amy Peoler","Newton","United States"
"Amy Peuller","Newton","United States"
"Amy Puhller","Newton","United States"
"Amy Phoeber","Newton","United States"
"Amy Poeloer","Newton","United States"
"Amy Poohler","Newton","United States"
"Amy Poahler","Newton","United States"
"Amy Poyler","Newton","United States"
"Amy Poelhar","Newton","United States"
"Amy Poella","Newton","United States"
"Amy Poelleur","Newton","United States"
"Amy Poehlelas","Newton","United States"
"Amy Powlwer","Newton","United States"
"Amy Powlyer","Newton","United States"
"Amy Phoellar","Newton","United States"
"Amy Pollwer","Newton","United States"
"Amy Poelyer","Newton","United States"
"Amy Pohlener","Newton","United States"
"Amy Poqler","Newton","United States"
"Amy Pohlein","Newton","United States"
"Amy Prohler","Newton","United States"
"Amy Poeleer","Newton","United States"
"Amy Proehl","Newton","United States"
"Amy Phloer","Newton","United States"
"Amy Pohlier","Newton","United States"
"Amy Polaher","Newton","United States"
"Amy Pohnler","Newton","United States"
"Amy Poeer","Newton","United States"
"Amy Poeolr","Newton","United States"
"Amy Paughler","Newton","United States"
"Amy Pollee","Newton","United States"
"Amy Polehler","Newton","United States"
"Manoj Shamalan","Mah","India"
"Manoj Shamyalan","Mah","India"
"Manoj Shamalah","Mah","India"
"Manoj Shamalaya","Mah","India"
"Manoj Shamelon","Mah","India"
"Manoj Shamalhan","Mah","India"
"Manoj Shamalian","Mah","India"
"Manoj Shamlayan","Mah","India"
"Manoj Shalyaman","Mah","India"
"Manoj Shamalyam","Mah","India"
"Manoj Shamalayman","Mah","India"
"Manoj Shammalah","Mah","India"
"Manoj Shabala","Mah","India"
"Manoj Shahamalan","Mah","India"
"Manoj Shiamalayan","Mah","India"
"Manoj Shamalat","Mah","India"
"Manoj Shaymahlan","Mah","India"
"Manoj Shamaline","Mah","India"
"Manoj Shamalawn","Mah","India"
"Manoj Schamalon","Mah","India"
"Manoj Samalayan","Mah","India"
"Manoj Shamallama","Mah","India"
"Manoj Shamalalyan","Mah","India"
"Manoj Shamallayn","Mah","India"
"Manoj Shamalanya","Mah","India"
"Manoj Shaylamayan","Mah","India"
"Manoj Schamalah","Mah","India"
"Manoj Shamylain","Mah","India"
"Manoj Shemalan","Mah","India"
"Manoj Shalamalyan","Mah","India"
"Manoj Shamalaah","Mah","India"
"Manoj Shaymelan","Mah","India"
"Manoj Shaymala","Mah","India"
"Manoj Shylamen","Mah","India"
"Manoj Shalaiman","Mah","India"
"Manoj Shyaamalan","Mah","India"
"Manoj Shalan","Mah","India"
"Manoj Shabalak","Mah","India"
"Manoj Shalamay","Mah","India"
"Manoj Shamalyah","Mah","India"
"Manoj Shayamaln","Mah","India"
"Manoj Shamalanne","Mah","India"
"Manoj Shalmalan","Mah","India"
"Manoj Shammlan","Mah","India"
"Manoj Schamalane","Mah","India"
"Manoj Shambelang","Mah","India"
"Manoj Shalam","Mah","India"
"Manoj Shamanlan","Mah","India"
"Manoj Shamaylaan","Mah","India"
"Manoj Shahmelahn","Mah","India"
"Manoj Shamalayian","Mah","India"
"Manoj Schammelan","Mah","India"
"Manoj Shyalmalan","Mah","India"
"Manoj Shaman","Mah","India"
"Manoj Shmalahan","Mah","India"
"Manoj Shaymaylin","Mah","India"
"Manoj Shamalayb","Mah","India"
"Manoj Shamalaayan","Mah","India"
"Manoj Shamhalayn","Mah","India"
"Manoj Shalala","Mah","India"
"Manoj Shabalong","Mah","India"
"Manoj Shamellam","Mah","India"
"Manoj Shlamalan","Mah","India"
"Manoj Shamaler","Mah","India"
"Manoj Shamayaan","Mah","India"
"Manoj Shmaylian","Mah","India"
"Manoj Shanelan","Mah","India"
"Manoj Shuyamalan","Mah","India"
"Manoj Shiyamalyan","Mah","India"
"Manoj Shaymalaon","Mah","India"
"Manoj Shamalab","Mah","India"
"Manoj Shalamahan","Mah","India"
"Manoj Shambalai","Mah","India"
"Manoj Shahmalanh","Mah","India"
"Manoj Shamalange","Mah","India"
"Manoj Shamalame","Mah","India"
"Manoj Shamalahb","Mah","India"
"Manoj Shamaalyan","Mah","India"
"Manoj Schmalam","Mah","India"
"Manoj Shahmlan","Mah","India"
"Manoj Shamalae","Mah","India"
"Manoj Shimaylay","Mah","India"
"Manoj Shamalayahn","Mah","India"
"Manoj Shamyn","Mah","India"
"Manoj Shailam","Mah","India"
"Manoj Schamlan","Mah","India"
"Manoj Schamalaan","Mah","India"
"Manoj Shamlua","Mah","India"
"Manoj Shamanan","Mah","India"
"Manoj Shiamilan","Mah","India"
"Manoj Shyhamalan","Mah","India"
"Manoj Shanyalman","Mah","India"
"Manoj Shabelaan","Mah","India"
"Manoj Shaillah","Mah","India"
"Manoj Shamaylahan","Mah","India"
"Manoj Shamehylan","Mah","India"
"Manoj Shyamaylam","Mah","India"
"Manoj Shalamian","Mah","India"
"Manoj Shsmalyl","Mah","India"
"Manoj Shammilanh","Mah","India"
"Manoj Shamylama","Mah","India"
"Manoj Shanamalan","Mah","India"
"Manoj Shaymayalam","Mah","India"
"Manoj Shamalayaan","Mah","India"
"Manoj Shamnayalan","Mah","India"
"Manoj Shandelan","Mah","India"
"Manoj Shymialyan","Mah","India"
"Manoj Shamolahn","Mah","India"
"Manoj Shamilyon","Mah","India"
"Manoj Shimanay","Mah","India"
"Manoj Shaymulan","Mah","India"
"Manoj Shanaman","Mah","India"
"Manoj Shammaly","Mah","India"
"Manoj Shaumalaun","Mah","India"
"Manoj Shamnalay","Mah","India"
"Manoj Shamaeliane","Mah","India"
"Manoj Shaymaylaon","Mah","India"
"Manoj Shamailah","Mah","India"
"Manoj Shaymahalan","Mah","India"
"Manoj Shylamahan","Mah","India"
"Manoj Shamalalab","Mah","India"
"Manoj Scmalayan","Mah","India"
"Manoj Shamalayain","Mah","India"
"Manoj Shambalam","Mah","India"
"Manoj Shylamin","Mah","India"
"Manoj Shaiman","Mah","India"
"Manoj Shlamalyan","Mah","India"
"Manoj Shamalanga","Mah","India"
"Manoj Shyanamalan","Mah","India"
"Manoj Shamamama","Mah","India"
"Manoj Shamalayann","Mah","India"
"Manoj Shymamamama","Mah","India"
"Manoj Shaymaln","Mah","India"
"Manoj Shamalamen","Mah","India"
"Manoj Shamblan","Mah","India"
"Manoj Shayamalayn","Mah","India"
"Manoj Shamelaon","Mah","India"
"Manoj Shamaglan","Mah","India"
"Manoj Sahmallan","Mah","India"
"Manoj Shamyalaman","Mah","India"
"Manoj Schmulan","Mah","India"
"Manoj Shamalanon","Mah","India"
"Manoj Shaylanan","Mah","India"
"Manoj Shymalyah","Mah","India"
"Manoj Shiamalay","Mah","India"
"Manoj Shaylam","Mah","India"
"Manoj Shumalyian","Mah","India"
"Manoj Shamenallan","Mah","India"
"Manoj Shamalaawn","Mah","India"
"Manoj Schamalla","Mah","India"
"Manoj Shomalolan","Mah","India"
"Manoj Shamanel","Mah","India"
"Manoj Shallamalan","Mah","India"
"Manoj Shamallann","Mah","India"
"Manoj Shamelnar","Mah","India"
"Manoj Shamolah","Mah","India"
"Manoj Shamalymn","Mah","India"
"Manoj Shammallah","Mah","India"
"Manoj Shaymyalan","Mah","India"
"Manoj Shamalyen","Mah","India"
"Manoj Shyambalam","Mah","India"
"Manoj Samelain","Mah","India"
"Manoj Shammalean","Mah","India"
"Manoj Shyamalln","Mah","India"
"Manoj Shamolyan","Mah","India"
"Manoj Shahmelan","Mah","India"
"Manoj Shamlain","Mah","India"
"Manoj Shyamapal","Mah","India"
"Manoj Shamoolah","Mah","India"
"Colin Rand Kopernick","Milwaukee","United States"
"Colin Rand Kappernik","Milwaukee","United States"
"Colin Rand Koppernick","Milwaukee","United States"
"Colin Rand Kaperneck","Milwaukee","United States"
"Colin Rand Kaupernick","Milwaukee","United States"
"Colin Rand Kabernik","Milwaukee","United States"
"Colin Rand Kepernick","Milwaukee","United States"
"Colin Rand Kaprenick","Milwaukee","United States"
"Colin Rand Kaprinick","Milwaukee","United States"
"Colin Rand Kepernik","Milwaukee","United States"
"Colin Rand Kaerpernick","Milwaukee","United States"
"Colin Rand Kapranick","Milwaukee","United States"
"Colin Rand Kapernyck","Milwaukee","United States"
"Colin Rand Koppernic","Milwaukee","United States"
"Colin Rand Kappernek","Milwaukee","United States"
"Colin Rand Kapernike","Milwaukee","United States"
"Colin Rand Kaeperninck","Milwaukee","United States"
"Colin Rand Kaperenick","Milwaukee","United States"
"Colin Rand Kapronic","Milwaukee","United States"
"Colin Rand Kaeperni","Milwaukee","United States"
"Colin Rand Kopernicke","Milwaukee","United States"
"Colin Rand Kapirnik","Milwaukee","United States"
"Colin Rand Kapennick","Milwaukee","United States"
"Colin Rand Kaphernick","Milwaukee","United States"
"Colin Rand Kaepornick","Milwaukee","United States"
"Colin Rand Kapeneck","Milwaukee","United States"
"Colin Rand Kapernsky","Milwaukee","United States"
"Colin Rand Kapranik","Milwaukee","United States"
"Colin Rand Kapernice","Milwaukee","United States"
"Colin Rand Kaeppernich","Milwaukee","United States"
"Colin Rand Kaepernon","Milwaukee","United States"
"Colin Rand Koepernnick","Milwaukee","United States"
"Colin Rand Kauppernick","Milwaukee","United States"
"Colin Rand Kapernacick","Milwaukee","United States"
"Colin Rand Kaepernicv","Milwaukee","United States"
"Colin Rand Kapierniuk","Milwaukee","United States"
"Colin Rand Kaperenic","Milwaukee","United States"
"Colin Rand Kapernicis","Milwaukee","United States"
"Colin Rand Kaperkinic","Milwaukee","United States"
"Colin Rand Kappernay","Milwaukee","United States"
"Colin Rand Kaepernatch","Milwaukee","United States"
"Colin Rand Kartpatrick","Milwaukee","United States"
"Colin Rand Kapperbick","Milwaukee","United States"
"Colin Rand Kaepernii","Milwaukee","United States"
"Colin Rand Katpernik","Milwaukee","United States"
"Colin Rand Kappernat","Milwaukee","United States"
"Colin Rand Kaepernink","Milwaukee","United States"
"Colin Rand Khopernik","Milwaukee","United States"
"Colin Rand Kapeurnki","Milwaukee","United States"
"Colin Rand Kapprink","Milwaukee","United States"
"Colin Rand Kapranilk","Milwaukee","United States"
"Colin Rand Kempernick","Milwaukee","United States"
"Colin Rand Kalernick","Milwaukee","United States"
"Colin Rand Kaporenic","Milwaukee","United States"
"Colin Rand Kiopernick","Milwaukee","United States"
"Colin Rand Kaepernakick","Milwaukee","United States"
"Colin Rand Kapperdic","Milwaukee","United States"
"Colin Rand Kapernaum","Milwaukee","United States"
"Colin Rand Kaepernikk","Milwaukee","United States"
"Colin Rand Kalpaernik","Milwaukee","United States"
"Colin Rand Koupennick","Milwaukee","United States"
"Colin Rand Kubernik","Milwaukee","United States"
"Colin Rand Kapperknack","Milwaukee","United States"
"Colin Rand Kaeparick","Milwaukee","United States"
"Colin Rand Klapernic","Milwaukee","United States"
"Colin Rand Kaepersnick","Milwaukee","United States"
"Colin Rand Kapckernick","Milwaukee","United States"
"Colin Rand Kaeperkic","Milwaukee","United States"
"Colin Rand Karpernik","Milwaukee","United States"
"Colin Rand Kapernickack","Milwaukee","United States"
"Colin Rand Katpernick","Milwaukee","United States"
"Colin Rand Kornick","Milwaukee","United States"
"Colin Rand Kabernay","Milwaukee","United States"
"Colin Rand Kapernicj","Milwaukee","United States"
"Colin Rand Kapperniek","Milwaukee","United States"
"Colin Rand Kalanick","Milwaukee","United States"
"Colin Rand Kipernic","Milwaukee","United States"
"Colin Rand Kappetnik","Milwaukee","United States"
"Colin Rand Knapernack","Milwaukee","United States"
"Colin Rand Kaparney","Milwaukee","United States"
"Colin Rand Kapernickkap","Milwaukee","United States"
"Colin Rand Kaeperanick","Milwaukee","United States"
"Colin Rand Kappernix","Milwaukee","United States"
"Colin Rand Kappanuick","Milwaukee","United States"
"Mark Maguirre","Pomona","United States"
"Mark Mcgyer","Pomona","United States"
"Mark Mccguire","Pomona","United States"
"Mark Mcguirem","Pomona","United States"
"Mark Mcgueir","Pomona","United States"
"Mark Mcwyre","Pomona","United States"
"Mark Macgquire","Pomona","United States"
"Mark Mcgower","Pomona","United States"
"Mark Mcgyier","Pomona","United States"
"Mark Magwild","Pomona","United States"
"Mark Mcguiret","Pomona","United States"
"Mark Mcgvier","Pomona","United States"
"Mark Mcgill","Pomona","United States"
"Mark Macgywire","Pomona","United States"
"Mark Mcqwyr","Pomona","United States"
"Mark Mcguary","Pomona","United States"
"Mark Magaird","Pomona","United States"
"Mark Maguirr","Pomona","United States"
"Mark Mcgcwgire","Pomona","United States"
"Mark Magwier","Pomona","United States"
"Mark Mcgwareth","Pomona","United States"
"Mark Mcguiner","Pomona","United States"
"Mark Mcguiremc","Pomona","United States"
"Mark Mcguirrey","Pomona","United States"
"Mark Mcguierm","Pomona","United States"
"Mark Mcguirez","Pomona","United States"
"Mark Mcguie","Pomona","United States"
"Mark Mcgwauer","Pomona","United States"
"Mark Mcgwirem","Pomona","United States"
"Mark Mcgurire","Pomona","United States"
"Mark Mauguire","Pomona","United States"
"Mark Mcduire","Pomona","United States"
"Chuck Palanik","Pasco","United States"
"Chuck Pahlanuik","Pasco","United States"
"Chuck Palhaniuk","Pasco","United States"
"Chuck Palaniuck","Pasco","United States"
"Chuck Polanic","Pasco","United States"
"Chuck Pollinik","Pasco","United States"
"Chuck Pahlaniak","Pasco","United States"
"Chuck Pollenik","Pasco","United States"
"Chuck Palinick","Pasco","United States"
"Chuck Palanyuk","Pasco","United States"
"Chuck Pahaulnik","Pasco","United States"
"Chuck Paluchnik","Pasco","United States"
"Chuck Palinuik","Pasco","United States"
"Chuck Palanichuk","Pasco","United States"
"Chuck Pahulnick","Pasco","United States"
"Chuck Palenek","Pasco","United States"
"Chuck Palanauk","Pasco","United States"
"Chuck Poloniak","Pasco","United States"
"Chuck Paleneck","Pasco","United States"
"Chuck Pohlanik","Pasco","United States"
"Chuck Palanuhk","Pasco","United States"
"Chuck Pahalanuk","Pasco","United States"
"Chuck Palaniuc","Pasco","United States"
"Chuck Palahuanik","Pasco","United States"
"Chuck Pahulniuk","Pasco","United States"
"Chuck Palineck","Pasco","United States"
"Chuck Palahunk","Pasco","United States"
"Chuck Palnuik","Pasco","United States"
"Chuck Palanihk","Pasco","United States"
"Chuck Palainuk","Pasco","United States"
"Chuck Pawlanik","Pasco","United States"
"Chuck Palihnuk","Pasco","United States"
"Chuck Pahaluniak","Pasco","United States"
"Chuck Palniak","Pasco","United States"
"Chuck Palhuanik","Pasco","United States"
"Chuck Palleneck","Pasco","United States"
"Chuck Phaulanik","Pasco","United States"
"Chuck Pahaulik","Pasco","United States"
"Chuck Pahlaneuk","Pasco","United States"
"Chuck Paleniuk","Pasco","United States"
"Chuck Pahlounik","Pasco","United States"
"Chuck Paliunik","Pasco","United States"
"Chuck Palahunic","Pasco","United States"
"Chuck Paluhinak","Pasco","United States"
"Chuck Palanique","Pasco","United States"
"Chuck Polanneck","Pasco","United States"
"Chuck Palonuck","Pasco","United States"
"Chuck Polaniuck","Pasco","United States"
"Chuck Pullenik","Pasco","United States"
"Chuck Palnuick","Pasco","United States"
"Chuck Pallenic","Pasco","United States"
"Chuck Palahinak","Pasco","United States"
"Chuck Pallenik","Pasco","United States"
"Chuck Pauhlnik","Pasco","United States"
"Chuck Paliniuck","Pasco","United States"
"Chuck Palahinik","Pasco","United States"
"Chuck Pahlniak","Pasco","United States"
"Chuck Palhaniuck","Pasco","United States"
"Chuck Pauluniak","Pasco","United States"
"Chuck Palernick","Pasco","United States"
"Chuck Phalianuk","Pasco","United States"
"Chuck Paluhinik","Pasco","United States"
"Chuck Poleniak","Pasco","United States"
"Chuck Palacniuk","Pasco","United States"
"Chuck Palanyck","Pasco","United States"
"Chuck Palinhuick","Pasco","United States"
"Chuck Pahlanyk","Pasco","United States"
"Chuck Paulachiuk","Pasco","United States"
"Chuck Palanuek","Pasco","United States"
"Chuck Palauniuik","Pasco","United States"
"Chuck Pallihnuk","Pasco","United States"
"Chuck Palatinuk","Pasco","United States"
"Chuck Palnahuck","Pasco","United States"
"Chuck Pallahnuck","Pasco","United States"
"Chuck Palahchuk","Pasco","United States"
"Chuck Paulenuk","Pasco","United States"
"Chuck Pallenuick","Pasco","United States"
"Chuck Pawlinick","Pasco","United States"
"Chuck Palagnjuk","Pasco","United States"
"Chuck Paladchuk","Pasco","United States"
"Chuck Palaunauk","Pasco","United States"
"Chuck Palahuinak","Pasco","United States"
"Chuck Palanheuk","Pasco","United States"
"Chuck Pahnick","Pasco","United States"
"Chuck Paliphuk","Pasco","United States"
"Chuck Pclinik","Pasco","United States"
"Chuck Pahaliunk","Pasco","United States"
"Chuck Palancio","Pasco","United States"
"Chuck Palinhcuk","Pasco","United States"
"Chuck Palyaschnuk","Pasco","United States"
"Chuck Pahloneuk","Pasco","United States"
"Chuck Palnahiuk","Pasco","United States"
"Chuck Pallinak","Pasco","United States"
"Chuck Palahdniuk","Pasco","United States"
"Chuck Paulinivk","Pasco","United States"
"Chuck Paulanicj","Pasco","United States"
"Chuck Palakuk","Pasco","United States"
"Chuck Pahlachik","Pasco","United States"
"Chuck Paullanick","Pasco","United States"
"Chuck Pahliunk","Pasco","United States"
"Chuck Polonuk","Pasco","United States"
"Chuck Palahniuik","Pasco","United States"
"Chuck Palaghunik","Pasco","United States"
"Chuck Pallihuk","Pasco","United States"
"Chuck Pallinauk","Pasco","United States"
"Chuck Paliani","Pasco","United States"
"Chuck Pahlaniyk","Pasco","United States"
"Chuck Palanicuek","Pasco","United States"
"Chuck Phalhaunik","Pasco","United States"
"Chuck Paluheinik","Pasco","United States"
"Chuck Phalamaneuk","Pasco","United States"
"Chuck Pualanik","Pasco","United States"
"Chuck Pullonik","Pasco","United States"
"Chuck Palagnuik","Pasco","United States"
"Chuck Paulanink","Pasco","United States"
"Chuck Palanisk","Pasco","United States"
"Chuck Palahnucj","Pasco","United States"
"Chuck Phaliniuck","Pasco","United States"
"Chuck Palounek","Pasco","United States"
"Chuck Palernic","Pasco","United States"
"Chuck Palchnik","Pasco","United States"
"Chuck Polohniuk","Pasco","United States"
"Chuck Pallonuck","Pasco","United States"
"Chuck Phalunuk","Pasco","United States"
"Chuck Palucknuk","Pasco","United States"
"Chuck Pahautnik","Pasco","United States"
"Chuck Palinuhk","Pasco","United States"
"Chuck Palalick","Pasco","United States"
"Chuck Pualanick","Pasco","United States"
"Chuck Phalanchuk","Pasco","United States"
"Chuck Pahluniuck","Pasco","United States"
"Chuck Poliinick","Pasco","United States"
"Chuck Pahalinick","Pasco","United States"
"Chuck Palanhiuck","Pasco","United States"
"Chuck Palpalahniuk","Pasco","United States"
"Chuck Pachulniuk","Pasco","United States"
"Chuck Pahlanukh","Pasco","United States"
"Chuck Palagnick","Pasco","United States"
"Chuck Pahaulick","Pasco","United States"
"Chuck Paluenick","Pasco","United States"
"Chuck Pohlanuk","Pasco","United States"
"Chuck Paulianuk","Pasco","United States"
"Chuck Palianchuk","Pasco","United States"
"Chuck Palanuaiuk","Pasco","United States"
"Chuck Palheniuk","Pasco","United States"
"Chuck Pahulnuk","Pasco","United States"
"Chuck Palanauik","Pasco","United States"
"Chuck Palhinuhk","Pasco","United States"
"Chuck Palauhinuk","Pasco","United States"
"Chuck Pahalink","Pasco","United States"
"Chuck Phalentuk","Pasco","United States"
"Chuck Palanchke","Pasco","United States"
"Chuck Polahnyc","Pasco","United States"
"Chuck Parnick","Pasco","United States"
"Chuck Pauloniak","Pasco","United States"
"Chuck Palanah","Pasco","United States"
"Chuck Pallenchuk","Pasco","United States"
"Chuck Palhuniack","Pasco","United States"
"Chuck Palanehyuk","Pasco","United States"
"Chuck Phalani","Pasco","United States"
"Chuck Palnanic","Pasco","United States"
"Chuck Pahliahnik","Pasco","United States"
"Chuck Palanhuek","Pasco","United States"
"Chuck Paluchniak","Pasco","United States"
"Chuck Palahichik","Pasco","United States"
"Pickaboo Street","Triumph","United States"
"Picabe Street","Triumph","United States"
"Pickebu Street","Triumph","United States"
"Pickabus Street","Triumph","United States"
"Pikaboos Street","Triumph","United States"
"Pikabe Street","Triumph","United States"
"Peecabo Street","Triumph","United States"
"Pichaboo Street","Triumph","United States"
"Picabol Street","Triumph","United States"
"Pihkabu Street","Triumph","United States"
"Piccabou Street","Triumph","United States"
"Pikabel Street","Triumph","United States"
"Picola Street","Triumph","United States"
"Pichabeu Street","Triumph","United States"
"Picallo Street","Triumph","United States"
"Pikaboug Street","Triumph","United States"
"Picaboc Street","Triumph","United States"
"Pikkaboo Street","Triumph","United States"
"Piquaba Street","Triumph","United States"
"Pikeb Street","Triumph","United States"
"Pickbu Street","Triumph","United States"
"Pikabook Street","Triumph","United States"
"Pikabpo Street","Triumph","United States"
"Pigabuh Street","Triumph","United States"
"Picabeel Street","Triumph","United States"
"Pepaba Street","Triumph","United States"
"Picoble Street","Triumph","United States"
"Pakbo Street","Triumph","United States"
"Picachoo Street","Triumph","United States"
"Picobah Street","Triumph","United States"
"Picaus Street","Triumph","United States"
"Picar Street","Triumph","United States"
"Piqeboo Street","Triumph","United States"
"Pikabal Street","Triumph","United States"
"Picamy Street","Triumph","United States"
"Phicabou Street","Triumph","United States"
"Scarlett Johansen","New_York","United States"
"Scarlett Johannssen","New_York","United States"
"Scarlett Johannesen","New_York","United States"
"Scarlett Johanesson","New_York","United States"
"Scarlett Johanassen","New_York","United States"
"Scarlett Johnanson","New_York","United States"
"Scarlett Johanseon","New_York","United States"
"Scarlett Jochansson","New_York","United States"
"Scarlett Johanssonj","New_York","United States"
"Scarlett Johanssn","New_York","United States"
"Scarlett Johannasan","New_York","United States"
"Scarlett Johhansan","New_York","United States"
"Scarlett Johanssob","New_York","United States"
"Scarlett Johansahn","New_York","United States"
"Scarlett Joehannsen","New_York","United States"
"Scarlett Johason","New_York","United States"
"Scarlett Johahnsen","New_York","United States"
"Scarlett Johhannsen","New_York","United States"
"Scarlett Johhanesson","New_York","United States"
"Scarlett Johannnesen","New_York","United States"
"Scarlett Johnston","New_York","United States"
"Scarlett Johhanesen","New_York","United States"
"Scarlett Joahensson","New_York","United States"
"Scarlett Joanssonn","New_York","United States"
"Scarlett Johansso","New_York","United States"
"Scarlett Johanssenne","New_York","United States"
"Scarlett Johanshann","New_York","United States"
"Scarlett Jhohannson","New_York","United States"
"Scarlett Johanne","New_York","United States"
"Scarlett Johansonson","New_York","United States"
"Scarlett Johannosen","New_York","United States"
"Scarlett Johannsonne","New_York","United States"
"Scarlett Jojanson","New_York","United States"
"Scarlett Jhohansan","New_York","United States"
"Zooey Deschanel","Los Angeles","United States"
"Sarah McLachlan","Halifax","Canada"
"Zachary Knight Galifianakis","Wilkesboro","United States"
"Shia Saide LaBeouf","Los Angeles","United States"
"Macaulay Carson Culkin","New York","United States"
"Matthew McConaughey","Uvalde","United States"
"Nicki Minaj","Saint James","Trinidad and Tobago"
"Alanis Morissette","Ottawa","Canada"
"Amy Poehler","Newton","United States"
"Manoj Shyamalan","Mah","India"
"Colin Rand Kaepernick","Milwaukee","United States"
"Mark McGwire","Pomona","United States"
"Chuck Palahniuk","Pasco","United States"
"Picabo Street","Triumph","United States"
"Scarlett Johansson","New_York","United States"
